Category,Indicator,Variable,Units,Statistic,Scale
Study region information,Continent,Continent,,category,city
Study region information,Country,Country,,category,city
Study region information,2-letter country code,ISO 3166-1 alpha-2,,category,city
Study region information,Study region,study_region,,category,"city, grid"
Derived study region statistics,"Area (km²; accounting for urban restrictions, if applied)",Area (sqkm),km²,sum,city
Derived study region statistics,"Population estimate, as per configured population data source",Population estimate,persons,sum,city
Derived study region statistics,Population per km²,Population per sqkm,persons per km²,rate,city
Derived study region statistics,Intersection count (following consolidation based on intersection tolerance parameter in region configuration),Intersections,count,count,city
Derived study region statistics,Intersections per km²,Intersections per sqkm,count per km²,rate,city
Derived study region statistics,Area (km²),area_sqkm,km²,sum,"grid, custom: agebs, custom: manzanas, custom: condesa_lotes, custom: condesa_fraccionamientos, custom: region_mexicali, custom: region_condesa"
Derived study region statistics,"Population estimate, as per configured population data source",pop_est,persons,sum,"grid, custom: agebs, custom: manzanas, custom: condesa_lotes, custom: condesa_fraccionamientos, custom: region_mexicali, custom: region_condesa"
Derived study region statistics,Population per km²,pop_per_sqkm,persons per km²,rate,"grid, custom: agebs, custom: manzanas, custom: condesa_lotes, custom: condesa_fraccionamientos, custom: region_mexicali, custom: region_condesa"
Derived study region statistics,Intersection count (following consolidation based on intersection tolerance parameter in region configuration),intersection_count,count,count,"grid, custom: agebs, custom: manzanas, custom: condesa_lotes, custom: condesa_fraccionamientos, custom: region_mexicali, custom: region_condesa"
Derived study region statistics,Intersections per km²,intersections_per_sqkm,count per km²,rate,"grid, custom: agebs, custom: manzanas, custom: condesa_lotes, custom: condesa_fraccionamientos, custom: region_mexicali, custom: region_condesa"
Analytical statistics,Sample points used in this analysis (generated along pedestrian network for populated grid areas),urban_sample_point_count,count,count,"city, grid, custom: manzanas, custom: condesa_lotes"
Analytical statistics,Population grid cell identifier,grid_id,,category,"grid, sample point, sample point (walking), sample point (cycling)"
Analytical statistics,Sample point identifier,point_id,,category,"sample point, sample point (walking), sample point (cycling)"
Analytical statistics,Identifier of the network edge the sample point was generated along,edge_ogc_fid,,category,"sample point, sample point (walking), sample point (cycling)"
Analytical statistics,Count of population grid cells associated with this area,grid_count,count,count,"custom: agebs, custom: region_mexicali"
Analytical statistics,Feature identifier,ogc_fid,,category,"custom: condesa_lotes, custom: condesa_fraccionamientos"
Indicator estimates: access (walking),Percentage of population with access within 500 m of a fresh food market / supermarket (source: OpenStreetMap or custom data) (population weighted),pop_pct_access_500m_fresh_food_market_score,percent,percentage,"city, custom: agebs, custom: condesa_fraccionamientos, custom: region_mexicali, custom: region_condesa"
Indicator estimates: access (walking),Percentage of population with access within 500 m of a convenience store (source: OpenStreetMap or custom data) (population weighted),pop_pct_access_500m_convenience_score,percent,percentage,"city, custom: agebs, custom: condesa_fraccionamientos, custom: region_mexicali, custom: region_condesa"
Indicator estimates: access (walking),Percentage of population with access within 500 m of any public transport stop (source: OpenStreetMap or custom data) (population weighted),pop_pct_access_500m_pt_osm_any_score,percent,percentage,"city, custom: agebs, custom: condesa_fraccionamientos, custom: region_mexicali, custom: region_condesa"
Indicator estimates: access (walking),Percentage of population with access within 500 m of any public open space (source: OpenStreetMap) (population weighted),pop_pct_access_500m_public_open_space_any_score,percent,percentage,"city, custom: agebs, custom: condesa_fraccionamientos, custom: region_mexicali, custom: region_condesa"
Indicator estimates: access (walking),Percentage of population with access within 500 m of a public open space larger than 1.5 hectares (source: OpenStreetMap) (population weighted),pop_pct_access_500m_public_open_space_large_score,percent,percentage,"city, custom: agebs, custom: condesa_fraccionamientos, custom: region_mexicali, custom: region_condesa"
Indicator estimates: access (walking),"Percentage of population with access within 500 m of a large public green space of at least 1 hectare (source: OpenStreetMap, Google Earth Engine) (population weighted)",pop_pct_access_500m_large_public_green_space_score,percent,percentage,"city, custom: agebs, custom: condesa_fraccionamientos, custom: region_mexicali, custom: region_condesa"
Indicator estimates: access (walking),Percentage of population with access within 500 m of any public transport stop (source: GTFS) (population weighted),pop_pct_access_500m_pt_gtfs_any_score,percent,percentage,"city, custom: agebs, custom: condesa_fraccionamientos, custom: region_mexicali, custom: region_condesa"
Indicator estimates: access (walking),Percentage of population with access within 500 m of a public transport stop with average daytime weekday service frequency of 30 minutes or better (source: GTFS) (population weighted),pop_pct_access_500m_pt_gtfs_freq_30_score,percent,percentage,"city, custom: agebs, custom: condesa_fraccionamientos, custom: region_mexicali, custom: region_condesa"
Indicator estimates: access (walking),Percentage of population with access within 500 m of a public transport stop with average daytime weekday service frequency of 20 minutes or better (source: GTFS) (population weighted),pop_pct_access_500m_pt_gtfs_freq_20_score,percent,percentage,"city, custom: agebs, custom: condesa_fraccionamientos, custom: region_mexicali, custom: region_condesa"
Indicator estimates: access (walking),Percentage of population with access within 500 m of any public transport stop (best result of GTFS and OpenStreetMap/custom sources) (population weighted),pop_pct_access_500m_pt_any_score,percent,percentage,"city, custom: agebs, custom: condesa_fraccionamientos, custom: region_mexicali, custom: region_condesa"
Indicator estimates: access (walking),Average distance (m) along the pedestrian network to the nearest fresh food market / supermarket (source: OpenStreetMap or custom data) (population weighted),pop_avg_walk_dist_fresh_food_market,metres,mean,city
Indicator estimates: access (walking),"Average distance (m) along the pedestrian network to the nearest fresh food market, supermarket or convenience store (pooled fresh food destinations) (population weighted)",pop_avg_walk_dist_fresh_food_pooled,metres,mean,city
Indicator estimates: access (walking),Average distance (m) along the pedestrian network to the nearest public open space larger than 1.5 hectares (source: OpenStreetMap) (population weighted),pop_avg_walk_dist_public_open_space_large,metres,mean,city
Indicator estimates: access (walking),Average distance (m) along the pedestrian network to the nearest public open space (source: OpenStreetMap) (population weighted),pop_avg_walk_dist_public_open_space_any,metres,mean,city
Indicator estimates: access (walking),"Average distance (m) along the pedestrian network to the nearest natural blue space -- a river, canal, drain, lake, reservoir, wetland, beach or coast (source: OpenStreetMap or custom data) (population weighted)",pop_avg_walk_dist_blue_space,metres,mean,city
Indicator estimates: access (walking),"Average distance (m) along the pedestrian network to the nearest public open space containing water, such as a park with a lake (source: OpenStreetMap) (population weighted)",pop_avg_walk_dist_public_open_space_with_water,metres,mean,city
Indicator estimates: access (walking),Average distance (m) along the pedestrian network to the nearest public transport stop (best result of GTFS and OpenStreetMap/custom sources) (population weighted),pop_avg_walk_dist_pt_any,metres,mean,city
Indicator estimates: access (walking),Average distance (m) along the pedestrian network to the nearest 'denue fresh food' (custom destination) (population weighted),pop_avg_walk_dist_denue_fresh_food,metres,mean,city
Indicator estimates: access (walking),Average distance (m) along the pedestrian network to the nearest 'denue food retail' (custom destination) (population weighted),pop_avg_walk_dist_denue_food_retail,metres,mean,city
Indicator estimates: access (walking),Average distance (m) along the pedestrian network to the nearest 'denue bakery tortilleria' (custom destination) (population weighted),pop_avg_walk_dist_denue_bakery_tortilleria,metres,mean,city
Indicator estimates: access (walking),Average distance (m) along the pedestrian network to the nearest 'denue household goods' (custom destination) (population weighted),pop_avg_walk_dist_denue_household_goods,metres,mean,city
Indicator estimates: access (walking),Average distance (m) along the pedestrian network to the nearest 'denue pharmacy' (custom destination) (population weighted),pop_avg_walk_dist_denue_pharmacy,metres,mean,city
Indicator estimates: access (walking),Average distance (m) along the pedestrian network to the nearest 'denue finance comms' (custom destination) (population weighted),pop_avg_walk_dist_denue_finance_comms,metres,mean,city
Indicator estimates: access (walking),Average distance (m) along the pedestrian network to the nearest 'denue preschool' (custom destination) (population weighted),pop_avg_walk_dist_denue_preschool,metres,mean,city
Indicator estimates: access (walking),Average distance (m) along the pedestrian network to the nearest 'denue primary school' (custom destination) (population weighted),pop_avg_walk_dist_denue_primary_school,metres,mean,city
Indicator estimates: access (walking),Average distance (m) along the pedestrian network to the nearest 'denue secondary school' (custom destination) (population weighted),pop_avg_walk_dist_denue_secondary_school,metres,mean,city
Indicator estimates: access (walking),Average distance (m) along the pedestrian network to the nearest 'denue tertiary education' (custom destination) (population weighted),pop_avg_walk_dist_denue_tertiary_education,metres,mean,city
Indicator estimates: access (walking),Average distance (m) along the pedestrian network to the nearest 'denue primary healthcare' (custom destination) (population weighted),pop_avg_walk_dist_denue_primary_healthcare,metres,mean,city
Indicator estimates: access (walking),Average distance (m) along the pedestrian network to the nearest 'denue medical clinic' (custom destination) (population weighted),pop_avg_walk_dist_denue_medical_clinic,metres,mean,city
Indicator estimates: access (walking),Average distance (m) along the pedestrian network to the nearest 'denue hospital' (custom destination) (population weighted),pop_avg_walk_dist_denue_hospital,metres,mean,city
Indicator estimates: access (walking),Average distance (m) along the pedestrian network to the nearest 'denue care support' (custom destination) (population weighted),pop_avg_walk_dist_denue_care_support,metres,mean,city
Indicator estimates: access (walking),Average distance (m) along the pedestrian network to the nearest 'denue childcare' (custom destination) (population weighted),pop_avg_walk_dist_denue_childcare,metres,mean,city
Indicator estimates: access (walking),Average distance (m) along the pedestrian network to the nearest 'denue community' (custom destination) (population weighted),pop_avg_walk_dist_denue_community,metres,mean,city
Indicator estimates: access (walking),Average distance (m) along the pedestrian network to the nearest 'denue culture' (custom destination) (population weighted),pop_avg_walk_dist_denue_culture,metres,mean,city
Indicator estimates: access (walking),Average distance (m) along the pedestrian network to the nearest 'denue sport' (custom destination) (population weighted),pop_avg_walk_dist_denue_sport,metres,mean,city
Indicator estimates: access (walking),Average distance (m) along the pedestrian network to the nearest 'denue recreation' (custom destination) (population weighted),pop_avg_walk_dist_denue_recreation,metres,mean,city
Indicator estimates: access (walking),Average distance (m) along the pedestrian network to the nearest 'denue employment any' (custom destination) (population weighted),pop_avg_walk_dist_denue_employment_any,metres,mean,city
Indicator estimates: access (walking),Average distance (m) along the pedestrian network to the nearest 'denue employer medium' (custom destination) (population weighted),pop_avg_walk_dist_denue_employer_medium,metres,mean,city
Indicator estimates: access (walking),Average distance (m) along the pedestrian network to the nearest 'denue manufacturing' (custom destination) (population weighted),pop_avg_walk_dist_denue_manufacturing,metres,mean,city
Indicator estimates: access (walking),Average distance (m) along the pedestrian network to the nearest 'denue petrol station' (custom destination) (population weighted),pop_avg_walk_dist_denue_petrol_station,metres,mean,city
Indicator estimates: access (walking),Average distance (m) along the pedestrian network to the nearest activity centre of the 'essentials' definition ('local' tier): a network location whose walkable catchment contains at least one destination of each required category (population weighted),pop_avg_walk_dist_activity_centre_essentials_local,metres,mean,city
Indicator estimates: access (walking),Average distance (m) along the pedestrian network to the nearest activity centre of the 'essentials' definition ('complete' tier): a network location whose walkable catchment contains at least one destination of each required category (population weighted),pop_avg_walk_dist_activity_centre_essentials_complete,metres,mean,city
Indicator estimates: access (walking),Average distance (m) along the pedestrian network to the nearest activity centre of the 'health' definition ('all' tier): a network location whose walkable catchment contains at least one destination of each required category (population weighted),pop_avg_walk_dist_activity_centre_health_all,metres,mean,city
Indicator estimates: access (walking),Average distance (m) along the pedestrian network to the nearest activity centre of the 'civic' definition ('all' tier): a network location whose walkable catchment contains at least one destination of each required category (population weighted),pop_avg_walk_dist_activity_centre_civic_all,metres,mean,city
Indicator estimates: access (walking),Average distance (m) along the pedestrian network to the nearest activity centre of the 'jobs' definition ('local' tier): a network location whose walkable catchment contains at least one destination of each required category (population weighted),pop_avg_walk_dist_activity_centre_jobs_local,metres,mean,city
Indicator estimates: access (walking),Average distance (m) along the pedestrian network to the nearest activity centre of the 'jobs' definition ('complete' tier): a network location whose walkable catchment contains at least one destination of each required category (population weighted),pop_avg_walk_dist_activity_centre_jobs_complete,metres,mean,city
Indicator estimates: access (walking),Average distance (m) along the pedestrian network to the nearest activity centre of the 'services' definition ('local' tier): a network location whose walkable catchment contains at least one destination of each required category (population weighted),pop_avg_walk_dist_activity_centre_services_local,metres,mean,city
Indicator estimates: access (walking),Average distance (m) along the pedestrian network to the nearest activity centre of the 'services' definition ('complete' tier): a network location whose walkable catchment contains at least one destination of each required category (population weighted),pop_avg_walk_dist_activity_centre_services_complete,metres,mean,city
Indicator estimates: access (walking),"Average number of 'meat' destinations, a sub-type of 'fresh food', reachable within 500 m along the pedestrian network (population weighted)",pop_avg_count_walk_fresh_food__meat_500m,count,mean,city
Indicator estimates: access (walking),"Average number of 'meat' destinations, a sub-type of 'fresh food', reachable within 1000 m along the pedestrian network (population weighted)",pop_avg_count_walk_fresh_food__meat_1000m,count,mean,city
Indicator estimates: access (walking),"Average number of 'produce' destinations, a sub-type of 'fresh food', reachable within 500 m along the pedestrian network (population weighted)",pop_avg_count_walk_fresh_food__produce_500m,count,mean,city
Indicator estimates: access (walking),"Average number of 'produce' destinations, a sub-type of 'fresh food', reachable within 1000 m along the pedestrian network (population weighted)",pop_avg_count_walk_fresh_food__produce_1000m,count,mean,city
Indicator estimates: access (walking),"Average number of 'grains and spices' destinations, a sub-type of 'fresh food', reachable within 500 m along the pedestrian network (population weighted)",pop_avg_count_walk_fresh_food__grains_and_spices_500m,count,mean,city
Indicator estimates: access (walking),"Average number of 'grains and spices' destinations, a sub-type of 'fresh food', reachable within 1000 m along the pedestrian network (population weighted)",pop_avg_count_walk_fresh_food__grains_and_spices_1000m,count,mean,city
Indicator estimates: access (walking),"Average number of 'dairy' destinations, a sub-type of 'fresh food', reachable within 500 m along the pedestrian network (population weighted)",pop_avg_count_walk_fresh_food__dairy_500m,count,mean,city
Indicator estimates: access (walking),"Average number of 'dairy' destinations, a sub-type of 'fresh food', reachable within 1000 m along the pedestrian network (population weighted)",pop_avg_count_walk_fresh_food__dairy_1000m,count,mean,city
Indicator estimates: access (walking),"Average number of 'supermarket' destinations, a sub-type of 'fresh food', reachable within 500 m along the pedestrian network (population weighted)",pop_avg_count_walk_fresh_food__supermarket_500m,count,mean,city
Indicator estimates: access (walking),"Average number of 'supermarket' destinations, a sub-type of 'fresh food', reachable within 1000 m along the pedestrian network (population weighted)",pop_avg_count_walk_fresh_food__supermarket_1000m,count,mean,city
Indicator estimates: access (walking),"Average number of 'minisuper' destinations, a sub-type of 'fresh food', reachable within 500 m along the pedestrian network (population weighted)",pop_avg_count_walk_fresh_food__minisuper_500m,count,mean,city
Indicator estimates: access (walking),"Average number of 'minisuper' destinations, a sub-type of 'fresh food', reachable within 1000 m along the pedestrian network (population weighted)",pop_avg_count_walk_fresh_food__minisuper_1000m,count,mean,city
Indicator estimates: access (walking),"Average number of 'bakery tortilleria' destinations, a sub-type of 'fresh food', reachable within 500 m along the pedestrian network (population weighted)",pop_avg_count_walk_fresh_food__bakery_tortilleria_500m,count,mean,city
Indicator estimates: access (walking),"Average number of 'bakery tortilleria' destinations, a sub-type of 'fresh food', reachable within 1000 m along the pedestrian network (population weighted)",pop_avg_count_walk_fresh_food__bakery_tortilleria_1000m,count,mean,city
Indicator estimates: access (walking),"Average number of 'preschool' destinations, a sub-type of 'education', reachable within 500 m along the pedestrian network (population weighted)",pop_avg_count_walk_education__preschool_500m,count,mean,city
Indicator estimates: access (walking),"Average number of 'preschool' destinations, a sub-type of 'education', reachable within 1000 m along the pedestrian network (population weighted)",pop_avg_count_walk_education__preschool_1000m,count,mean,city
Indicator estimates: access (walking),"Average number of 'primary' destinations, a sub-type of 'education', reachable within 500 m along the pedestrian network (population weighted)",pop_avg_count_walk_education__primary_500m,count,mean,city
Indicator estimates: access (walking),"Average number of 'primary' destinations, a sub-type of 'education', reachable within 1000 m along the pedestrian network (population weighted)",pop_avg_count_walk_education__primary_1000m,count,mean,city
Indicator estimates: access (walking),"Average number of 'secondary' destinations, a sub-type of 'education', reachable within 500 m along the pedestrian network (population weighted)",pop_avg_count_walk_education__secondary_500m,count,mean,city
Indicator estimates: access (walking),"Average number of 'secondary' destinations, a sub-type of 'education', reachable within 1000 m along the pedestrian network (population weighted)",pop_avg_count_walk_education__secondary_1000m,count,mean,city
Indicator estimates: access (walking),"Average number of 'tertiary' destinations, a sub-type of 'education', reachable within 500 m along the pedestrian network (population weighted)",pop_avg_count_walk_education__tertiary_500m,count,mean,city
Indicator estimates: access (walking),"Average number of 'tertiary' destinations, a sub-type of 'education', reachable within 1000 m along the pedestrian network (population weighted)",pop_avg_count_walk_education__tertiary_1000m,count,mean,city
Indicator estimates: access (walking),"Average number of 'primary healthcare' destinations, a sub-type of 'health care', reachable within 500 m along the pedestrian network (population weighted)",pop_avg_count_walk_health_care__primary_healthcare_500m,count,mean,city
Indicator estimates: access (walking),"Average number of 'primary healthcare' destinations, a sub-type of 'health care', reachable within 1000 m along the pedestrian network (population weighted)",pop_avg_count_walk_health_care__primary_healthcare_1000m,count,mean,city
Indicator estimates: access (walking),"Average number of 'specialist clinic' destinations, a sub-type of 'health care', reachable within 500 m along the pedestrian network (population weighted)",pop_avg_count_walk_health_care__specialist_clinic_500m,count,mean,city
Indicator estimates: access (walking),"Average number of 'specialist clinic' destinations, a sub-type of 'health care', reachable within 1000 m along the pedestrian network (population weighted)",pop_avg_count_walk_health_care__specialist_clinic_1000m,count,mean,city
Indicator estimates: access (walking),"Average number of 'hospital' destinations, a sub-type of 'health care', reachable within 500 m along the pedestrian network (population weighted)",pop_avg_count_walk_health_care__hospital_500m,count,mean,city
Indicator estimates: access (walking),"Average number of 'hospital' destinations, a sub-type of 'health care', reachable within 1000 m along the pedestrian network (population weighted)",pop_avg_count_walk_health_care__hospital_1000m,count,mean,city
Indicator estimates: access (walking),"Average number of 'pharmacy' destinations, a sub-type of 'health care', reachable within 500 m along the pedestrian network (population weighted)",pop_avg_count_walk_health_care__pharmacy_500m,count,mean,city
Indicator estimates: access (walking),"Average number of 'pharmacy' destinations, a sub-type of 'health care', reachable within 1000 m along the pedestrian network (population weighted)",pop_avg_count_walk_health_care__pharmacy_1000m,count,mean,city
Indicator estimates: access (walking),"Average number of 'care support' destinations, a sub-type of 'health care', reachable within 500 m along the pedestrian network (population weighted)",pop_avg_count_walk_health_care__care_support_500m,count,mean,city
Indicator estimates: access (walking),"Average number of 'care support' destinations, a sub-type of 'health care', reachable within 1000 m along the pedestrian network (population weighted)",pop_avg_count_walk_health_care__care_support_1000m,count,mean,city
Indicator estimates: access (walking),"Average number of 'community' destinations, a sub-type of 'community culture recreation', reachable within 500 m along the pedestrian network (population weighted)",pop_avg_count_walk_community_culture_recreation__community_500m,count,mean,city
Indicator estimates: access (walking),"Average number of 'culture' destinations, a sub-type of 'community culture recreation', reachable within 500 m along the pedestrian network (population weighted)",pop_avg_count_walk_community_culture_recreation__culture_500m,count,mean,city
Indicator estimates: access (walking),"Average number of 'culture' destinations, a sub-type of 'community culture recreation', reachable within 1000 m along the pedestrian network (population weighted)",pop_avg_count_walk_community_culture_recreation__culture_1000m,count,mean,city
Indicator estimates: access (walking),"Average number of 'sport' destinations, a sub-type of 'community culture recreation', reachable within 500 m along the pedestrian network (population weighted)",pop_avg_count_walk_community_culture_recreation__sport_500m,count,mean,city
Indicator estimates: access (walking),"Average number of 'sport' destinations, a sub-type of 'community culture recreation', reachable within 1000 m along the pedestrian network (population weighted)",pop_avg_count_walk_community_culture_recreation__sport_1000m,count,mean,city
Indicator estimates: access (walking),"Percentage of population living further than 250 m along the pedestrian network from the nearest 'denue petrol station' (custom destination); proximity to this destination is a disamenity, so higher is better (population weighted)",pop_pct_beyond_walk_denue_petrol_station_250m,percent,percentage,city
Indicator estimates: access (walking),Percentage of population with walking access within 500 m to a fresh food market / supermarket (source: OpenStreetMap or custom data) (population weighted),pop_pct_access_walk_fresh_food_market_500m,percent,percentage,city
Indicator estimates: access (walking),"Percentage of population with walking access within 500 m to a fresh food market, supermarket or convenience store (pooled fresh food destinations) (population weighted)",pop_pct_access_walk_fresh_food_pooled_500m,percent,percentage,city
Indicator estimates: access (walking),Percentage of population with walking access within 500 m to a public open space larger than 1.5 hectares (source: OpenStreetMap) (population weighted),pop_pct_access_walk_public_open_space_large_500m,percent,percentage,city
Indicator estimates: access (walking),Percentage of population with walking access within 500 m to any public open space (source: OpenStreetMap) (population weighted),pop_pct_access_walk_public_open_space_any_500m,percent,percentage,city
Indicator estimates: access (walking),"Percentage of population with walking access within 500 m to a natural blue space -- a river, canal, drain, lake, reservoir, wetland, beach or coast (source: OpenStreetMap or custom data) (population weighted)",pop_pct_access_walk_blue_space_500m,percent,percentage,city
Indicator estimates: access (walking),"Percentage of population with walking access within 500 m to a public open space containing water, such as a park with a lake (source: OpenStreetMap) (population weighted)",pop_pct_access_walk_public_open_space_with_water_500m,percent,percentage,city
Indicator estimates: access (walking),Percentage of population with walking access within 500 m to any public transport stop (best result of GTFS and OpenStreetMap/custom sources) (population weighted),pop_pct_access_walk_pt_any_500m,percent,percentage,city
Indicator estimates: access (walking),Percentage of population with walking access within 500 m to 'denue fresh food' (custom destination) (population weighted),pop_pct_access_walk_denue_fresh_food_500m,percent,percentage,city
Indicator estimates: access (walking),Percentage of population with walking access within 500 m to 'denue food retail' (custom destination) (population weighted),pop_pct_access_walk_denue_food_retail_500m,percent,percentage,city
Indicator estimates: access (walking),Percentage of population with walking access within 500 m to 'denue bakery tortilleria' (custom destination) (population weighted),pop_pct_access_walk_denue_bakery_tortilleria_500m,percent,percentage,city
Indicator estimates: access (walking),Percentage of population with walking access within 500 m to 'denue household goods' (custom destination) (population weighted),pop_pct_access_walk_denue_household_goods_500m,percent,percentage,city
Indicator estimates: access (walking),Percentage of population with walking access within 500 m to 'denue pharmacy' (custom destination) (population weighted),pop_pct_access_walk_denue_pharmacy_500m,percent,percentage,city
Indicator estimates: access (walking),Percentage of population with walking access within 500 m to 'denue finance comms' (custom destination) (population weighted),pop_pct_access_walk_denue_finance_comms_500m,percent,percentage,city
Indicator estimates: access (walking),Percentage of population with walking access within 500 m to 'denue preschool' (custom destination) (population weighted),pop_pct_access_walk_denue_preschool_500m,percent,percentage,city
Indicator estimates: access (walking),Percentage of population with walking access within 500 m to 'denue primary school' (custom destination) (population weighted),pop_pct_access_walk_denue_primary_school_500m,percent,percentage,city
Indicator estimates: access (walking),Percentage of population with walking access within 500 m to 'denue secondary school' (custom destination) (population weighted),pop_pct_access_walk_denue_secondary_school_500m,percent,percentage,city
Indicator estimates: access (walking),Percentage of population with walking access within 500 m to 'denue tertiary education' (custom destination) (population weighted),pop_pct_access_walk_denue_tertiary_education_500m,percent,percentage,city
Indicator estimates: access (walking),Percentage of population with walking access within 500 m to 'denue primary healthcare' (custom destination) (population weighted),pop_pct_access_walk_denue_primary_healthcare_500m,percent,percentage,city
Indicator estimates: access (walking),Percentage of population with walking access within 500 m to 'denue medical clinic' (custom destination) (population weighted),pop_pct_access_walk_denue_medical_clinic_500m,percent,percentage,city
Indicator estimates: access (walking),Percentage of population with walking access within 500 m to 'denue hospital' (custom destination) (population weighted),pop_pct_access_walk_denue_hospital_500m,percent,percentage,city
Indicator estimates: access (walking),Percentage of population with walking access within 500 m to 'denue care support' (custom destination) (population weighted),pop_pct_access_walk_denue_care_support_500m,percent,percentage,city
Indicator estimates: access (walking),Percentage of population with walking access within 500 m to 'denue childcare' (custom destination) (population weighted),pop_pct_access_walk_denue_childcare_500m,percent,percentage,city
Indicator estimates: access (walking),Percentage of population with walking access within 500 m to 'denue community' (custom destination) (population weighted),pop_pct_access_walk_denue_community_500m,percent,percentage,city
Indicator estimates: access (walking),Percentage of population with walking access within 500 m to 'denue culture' (custom destination) (population weighted),pop_pct_access_walk_denue_culture_500m,percent,percentage,city
Indicator estimates: access (walking),Percentage of population with walking access within 500 m to 'denue sport' (custom destination) (population weighted),pop_pct_access_walk_denue_sport_500m,percent,percentage,city
Indicator estimates: access (walking),Percentage of population with walking access within 500 m to 'denue recreation' (custom destination) (population weighted),pop_pct_access_walk_denue_recreation_500m,percent,percentage,city
Indicator estimates: access (walking),Percentage of population with walking access within 500 m to 'denue employment any' (custom destination) (population weighted),pop_pct_access_walk_denue_employment_any_500m,percent,percentage,city
Indicator estimates: access (walking),Percentage of population with walking access within 500 m to 'denue employer medium' (custom destination) (population weighted),pop_pct_access_walk_denue_employer_medium_500m,percent,percentage,city
Indicator estimates: access (walking),Percentage of population with walking access within 500 m to 'denue manufacturing' (custom destination) (population weighted),pop_pct_access_walk_denue_manufacturing_500m,percent,percentage,city
Indicator estimates: access (walking),Percentage of population with walking access within 500 m to an activity centre of the 'essentials' definition ('local' tier): a network location whose walkable catchment contains at least one destination of each required category (population weighted),pop_pct_access_walk_activity_centre_essentials_local_500m,percent,percentage,city
Indicator estimates: access (walking),Percentage of population with walking access within 500 m to an activity centre of the 'essentials' definition ('complete' tier): a network location whose walkable catchment contains at least one destination of each required category (population weighted),pop_pct_access_walk_activity_centre_essentials_complete_500m,percent,percentage,city
Indicator estimates: access (walking),Percentage of population with walking access within 500 m to an activity centre of the 'health' definition ('all' tier): a network location whose walkable catchment contains at least one destination of each required category (population weighted),pop_pct_access_walk_activity_centre_health_all_500m,percent,percentage,city
Indicator estimates: access (walking),Percentage of population with walking access within 500 m to an activity centre of the 'civic' definition ('all' tier): a network location whose walkable catchment contains at least one destination of each required category (population weighted),pop_pct_access_walk_activity_centre_civic_all_500m,percent,percentage,city
Indicator estimates: access (walking),Percentage of population with walking access within 500 m to an activity centre of the 'jobs' definition ('local' tier): a network location whose walkable catchment contains at least one destination of each required category (population weighted),pop_pct_access_walk_activity_centre_jobs_local_500m,percent,percentage,city
Indicator estimates: access (walking),Percentage of population with walking access within 500 m to an activity centre of the 'jobs' definition ('complete' tier): a network location whose walkable catchment contains at least one destination of each required category (population weighted),pop_pct_access_walk_activity_centre_jobs_complete_500m,percent,percentage,city
Indicator estimates: access (walking),Percentage of population with walking access within 500 m to an activity centre of the 'services' definition ('local' tier): a network location whose walkable catchment contains at least one destination of each required category (population weighted),pop_pct_access_walk_activity_centre_services_local_500m,percent,percentage,city
Indicator estimates: access (walking),Percentage of population with walking access within 500 m to an activity centre of the 'services' definition ('complete' tier): a network location whose walkable catchment contains at least one destination of each required category (population weighted),pop_pct_access_walk_activity_centre_services_complete_500m,percent,percentage,city
Indicator estimates: access (walking),Percentage of population with walking access within 1000 m to a fresh food market / supermarket (source: OpenStreetMap or custom data) (population weighted),pop_pct_access_walk_fresh_food_market_1000m,percent,percentage,city
Indicator estimates: access (walking),"Percentage of population with walking access within 1000 m to a fresh food market, supermarket or convenience store (pooled fresh food destinations) (population weighted)",pop_pct_access_walk_fresh_food_pooled_1000m,percent,percentage,city
Indicator estimates: access (walking),Percentage of population with walking access within 1000 m to a public open space larger than 1.5 hectares (source: OpenStreetMap) (population weighted),pop_pct_access_walk_public_open_space_large_1000m,percent,percentage,city
Indicator estimates: access (walking),Percentage of population with walking access within 1000 m to any public open space (source: OpenStreetMap) (population weighted),pop_pct_access_walk_public_open_space_any_1000m,percent,percentage,city
Indicator estimates: access (walking),"Percentage of population with walking access within 1000 m to a natural blue space -- a river, canal, drain, lake, reservoir, wetland, beach or coast (source: OpenStreetMap or custom data) (population weighted)",pop_pct_access_walk_blue_space_1000m,percent,percentage,city
Indicator estimates: access (walking),"Percentage of population with walking access within 1000 m to a public open space containing water, such as a park with a lake (source: OpenStreetMap) (population weighted)",pop_pct_access_walk_public_open_space_with_water_1000m,percent,percentage,city
Indicator estimates: access (walking),Percentage of population with walking access within 1000 m to any public transport stop (best result of GTFS and OpenStreetMap/custom sources) (population weighted),pop_pct_access_walk_pt_any_1000m,percent,percentage,city
Indicator estimates: access (walking),Percentage of population with walking access within 1000 m to 'denue fresh food' (custom destination) (population weighted),pop_pct_access_walk_denue_fresh_food_1000m,percent,percentage,city
Indicator estimates: access (walking),Percentage of population with walking access within 1000 m to 'denue food retail' (custom destination) (population weighted),pop_pct_access_walk_denue_food_retail_1000m,percent,percentage,city
Indicator estimates: access (walking),Percentage of population with walking access within 1000 m to 'denue bakery tortilleria' (custom destination) (population weighted),pop_pct_access_walk_denue_bakery_tortilleria_1000m,percent,percentage,city
Indicator estimates: access (walking),Percentage of population with walking access within 1000 m to 'denue household goods' (custom destination) (population weighted),pop_pct_access_walk_denue_household_goods_1000m,percent,percentage,city
Indicator estimates: access (walking),Percentage of population with walking access within 1000 m to 'denue pharmacy' (custom destination) (population weighted),pop_pct_access_walk_denue_pharmacy_1000m,percent,percentage,city
Indicator estimates: access (walking),Percentage of population with walking access within 1000 m to 'denue finance comms' (custom destination) (population weighted),pop_pct_access_walk_denue_finance_comms_1000m,percent,percentage,city
Indicator estimates: access (walking),Percentage of population with walking access within 1000 m to 'denue preschool' (custom destination) (population weighted),pop_pct_access_walk_denue_preschool_1000m,percent,percentage,city
Indicator estimates: access (walking),Percentage of population with walking access within 1000 m to 'denue primary school' (custom destination) (population weighted),pop_pct_access_walk_denue_primary_school_1000m,percent,percentage,city
Indicator estimates: access (walking),Percentage of population with walking access within 1000 m to 'denue secondary school' (custom destination) (population weighted),pop_pct_access_walk_denue_secondary_school_1000m,percent,percentage,city
Indicator estimates: access (walking),Percentage of population with walking access within 1000 m to 'denue tertiary education' (custom destination) (population weighted),pop_pct_access_walk_denue_tertiary_education_1000m,percent,percentage,city
Indicator estimates: access (walking),Percentage of population with walking access within 1000 m to 'denue primary healthcare' (custom destination) (population weighted),pop_pct_access_walk_denue_primary_healthcare_1000m,percent,percentage,city
Indicator estimates: access (walking),Percentage of population with walking access within 1000 m to 'denue medical clinic' (custom destination) (population weighted),pop_pct_access_walk_denue_medical_clinic_1000m,percent,percentage,city
Indicator estimates: access (walking),Percentage of population with walking access within 1000 m to 'denue hospital' (custom destination) (population weighted),pop_pct_access_walk_denue_hospital_1000m,percent,percentage,city
Indicator estimates: access (walking),Percentage of population with walking access within 1000 m to 'denue care support' (custom destination) (population weighted),pop_pct_access_walk_denue_care_support_1000m,percent,percentage,city
Indicator estimates: access (walking),Percentage of population with walking access within 1000 m to 'denue childcare' (custom destination) (population weighted),pop_pct_access_walk_denue_childcare_1000m,percent,percentage,city
Indicator estimates: access (walking),Percentage of population with walking access within 1000 m to 'denue community' (custom destination) (population weighted),pop_pct_access_walk_denue_community_1000m,percent,percentage,city
Indicator estimates: access (walking),Percentage of population with walking access within 1000 m to 'denue culture' (custom destination) (population weighted),pop_pct_access_walk_denue_culture_1000m,percent,percentage,city
Indicator estimates: access (walking),Percentage of population with walking access within 1000 m to 'denue sport' (custom destination) (population weighted),pop_pct_access_walk_denue_sport_1000m,percent,percentage,city
Indicator estimates: access (walking),Percentage of population with walking access within 1000 m to 'denue recreation' (custom destination) (population weighted),pop_pct_access_walk_denue_recreation_1000m,percent,percentage,city
Indicator estimates: access (walking),Percentage of population with walking access within 1000 m to 'denue employment any' (custom destination) (population weighted),pop_pct_access_walk_denue_employment_any_1000m,percent,percentage,city
Indicator estimates: access (walking),Percentage of population with walking access within 1000 m to 'denue employer medium' (custom destination) (population weighted),pop_pct_access_walk_denue_employer_medium_1000m,percent,percentage,city
Indicator estimates: access (walking),Percentage of population with walking access within 1000 m to 'denue manufacturing' (custom destination) (population weighted),pop_pct_access_walk_denue_manufacturing_1000m,percent,percentage,city
Indicator estimates: access (walking),Percentage of population with walking access within 1000 m to an activity centre of the 'essentials' definition ('local' tier): a network location whose walkable catchment contains at least one destination of each required category (population weighted),pop_pct_access_walk_activity_centre_essentials_local_1000m,percent,percentage,city
Indicator estimates: access (walking),Percentage of population with walking access within 1000 m to an activity centre of the 'essentials' definition ('complete' tier): a network location whose walkable catchment contains at least one destination of each required category (population weighted),pop_pct_access_walk_activity_centre_essentials_complete_1000m,percent,percentage,city
Indicator estimates: access (walking),Percentage of population with walking access within 1000 m to an activity centre of the 'health' definition ('all' tier): a network location whose walkable catchment contains at least one destination of each required category (population weighted),pop_pct_access_walk_activity_centre_health_all_1000m,percent,percentage,city
Indicator estimates: access (walking),Percentage of population with walking access within 1000 m to an activity centre of the 'civic' definition ('all' tier): a network location whose walkable catchment contains at least one destination of each required category (population weighted),pop_pct_access_walk_activity_centre_civic_all_1000m,percent,percentage,city
Indicator estimates: access (walking),Percentage of population with walking access within 1000 m to an activity centre of the 'jobs' definition ('local' tier): a network location whose walkable catchment contains at least one destination of each required category (population weighted),pop_pct_access_walk_activity_centre_jobs_local_1000m,percent,percentage,city
Indicator estimates: access (walking),Percentage of population with walking access within 1000 m to an activity centre of the 'jobs' definition ('complete' tier): a network location whose walkable catchment contains at least one destination of each required category (population weighted),pop_pct_access_walk_activity_centre_jobs_complete_1000m,percent,percentage,city
Indicator estimates: access (walking),Percentage of population with walking access within 1000 m to an activity centre of the 'services' definition ('local' tier): a network location whose walkable catchment contains at least one destination of each required category (population weighted),pop_pct_access_walk_activity_centre_services_local_1000m,percent,percentage,city
Indicator estimates: access (walking),Percentage of population with walking access within 1000 m to an activity centre of the 'services' definition ('complete' tier): a network location whose walkable catchment contains at least one destination of each required category (population weighted),pop_pct_access_walk_activity_centre_services_complete_1000m,percent,percentage,city
Indicator estimates: access (walking),Percentage of population with walking access within 1500 m to a fresh food market / supermarket (source: OpenStreetMap or custom data) (population weighted),pop_pct_access_walk_fresh_food_market_1500m,percent,percentage,city
Indicator estimates: access (walking),"Percentage of population with walking access within 1500 m to a fresh food market, supermarket or convenience store (pooled fresh food destinations) (population weighted)",pop_pct_access_walk_fresh_food_pooled_1500m,percent,percentage,city
Indicator estimates: access (walking),Percentage of population with walking access within 1500 m to a public open space larger than 1.5 hectares (source: OpenStreetMap) (population weighted),pop_pct_access_walk_public_open_space_large_1500m,percent,percentage,city
Indicator estimates: access (walking),Percentage of population with walking access within 1500 m to any public open space (source: OpenStreetMap) (population weighted),pop_pct_access_walk_public_open_space_any_1500m,percent,percentage,city
Indicator estimates: access (walking),"Percentage of population with walking access within 1500 m to a natural blue space -- a river, canal, drain, lake, reservoir, wetland, beach or coast (source: OpenStreetMap or custom data) (population weighted)",pop_pct_access_walk_blue_space_1500m,percent,percentage,city
Indicator estimates: access (walking),"Percentage of population with walking access within 1500 m to a public open space containing water, such as a park with a lake (source: OpenStreetMap) (population weighted)",pop_pct_access_walk_public_open_space_with_water_1500m,percent,percentage,city
Indicator estimates: access (walking),Percentage of population with walking access within 1500 m to any public transport stop (best result of GTFS and OpenStreetMap/custom sources) (population weighted),pop_pct_access_walk_pt_any_1500m,percent,percentage,city
Indicator estimates: access (walking),Percentage of population with walking access within 1500 m to 'denue fresh food' (custom destination) (population weighted),pop_pct_access_walk_denue_fresh_food_1500m,percent,percentage,city
Indicator estimates: access (walking),Percentage of population with walking access within 1500 m to 'denue food retail' (custom destination) (population weighted),pop_pct_access_walk_denue_food_retail_1500m,percent,percentage,city
Indicator estimates: access (walking),Percentage of population with walking access within 1500 m to 'denue bakery tortilleria' (custom destination) (population weighted),pop_pct_access_walk_denue_bakery_tortilleria_1500m,percent,percentage,city
Indicator estimates: access (walking),Percentage of population with walking access within 1500 m to 'denue household goods' (custom destination) (population weighted),pop_pct_access_walk_denue_household_goods_1500m,percent,percentage,city
Indicator estimates: access (walking),Percentage of population with walking access within 1500 m to 'denue pharmacy' (custom destination) (population weighted),pop_pct_access_walk_denue_pharmacy_1500m,percent,percentage,city
Indicator estimates: access (walking),Percentage of population with walking access within 1500 m to 'denue finance comms' (custom destination) (population weighted),pop_pct_access_walk_denue_finance_comms_1500m,percent,percentage,city
Indicator estimates: access (walking),Percentage of population with walking access within 1500 m to 'denue preschool' (custom destination) (population weighted),pop_pct_access_walk_denue_preschool_1500m,percent,percentage,city
Indicator estimates: access (walking),Percentage of population with walking access within 1500 m to 'denue primary school' (custom destination) (population weighted),pop_pct_access_walk_denue_primary_school_1500m,percent,percentage,city
Indicator estimates: access (walking),Percentage of population with walking access within 1500 m to 'denue secondary school' (custom destination) (population weighted),pop_pct_access_walk_denue_secondary_school_1500m,percent,percentage,city
Indicator estimates: access (walking),Percentage of population with walking access within 1500 m to 'denue tertiary education' (custom destination) (population weighted),pop_pct_access_walk_denue_tertiary_education_1500m,percent,percentage,city
Indicator estimates: access (walking),Percentage of population with walking access within 1500 m to 'denue primary healthcare' (custom destination) (population weighted),pop_pct_access_walk_denue_primary_healthcare_1500m,percent,percentage,city
Indicator estimates: access (walking),Percentage of population with walking access within 1500 m to 'denue medical clinic' (custom destination) (population weighted),pop_pct_access_walk_denue_medical_clinic_1500m,percent,percentage,city
Indicator estimates: access (walking),Percentage of population with walking access within 1500 m to 'denue hospital' (custom destination) (population weighted),pop_pct_access_walk_denue_hospital_1500m,percent,percentage,city
Indicator estimates: access (walking),Percentage of population with walking access within 1500 m to 'denue care support' (custom destination) (population weighted),pop_pct_access_walk_denue_care_support_1500m,percent,percentage,city
Indicator estimates: access (walking),Percentage of population with walking access within 1500 m to 'denue childcare' (custom destination) (population weighted),pop_pct_access_walk_denue_childcare_1500m,percent,percentage,city
Indicator estimates: access (walking),Percentage of population with walking access within 1500 m to 'denue community' (custom destination) (population weighted),pop_pct_access_walk_denue_community_1500m,percent,percentage,city
Indicator estimates: access (walking),Percentage of population with walking access within 1500 m to 'denue culture' (custom destination) (population weighted),pop_pct_access_walk_denue_culture_1500m,percent,percentage,city
Indicator estimates: access (walking),Percentage of population with walking access within 1500 m to 'denue sport' (custom destination) (population weighted),pop_pct_access_walk_denue_sport_1500m,percent,percentage,city
Indicator estimates: access (walking),Percentage of population with walking access within 1500 m to 'denue recreation' (custom destination) (population weighted),pop_pct_access_walk_denue_recreation_1500m,percent,percentage,city
Indicator estimates: access (walking),Percentage of population with walking access within 1500 m to 'denue employment any' (custom destination) (population weighted),pop_pct_access_walk_denue_employment_any_1500m,percent,percentage,city
Indicator estimates: access (walking),Percentage of population with walking access within 1500 m to 'denue employer medium' (custom destination) (population weighted),pop_pct_access_walk_denue_employer_medium_1500m,percent,percentage,city
Indicator estimates: access (walking),Percentage of population with walking access within 1500 m to 'denue manufacturing' (custom destination) (population weighted),pop_pct_access_walk_denue_manufacturing_1500m,percent,percentage,city
Indicator estimates: access (walking),Percentage of population with walking access within 1500 m to an activity centre of the 'essentials' definition ('local' tier): a network location whose walkable catchment contains at least one destination of each required category (population weighted),pop_pct_access_walk_activity_centre_essentials_local_1500m,percent,percentage,city
Indicator estimates: access (walking),Percentage of population with walking access within 1500 m to an activity centre of the 'essentials' definition ('complete' tier): a network location whose walkable catchment contains at least one destination of each required category (population weighted),pop_pct_access_walk_activity_centre_essentials_complete_1500m,percent,percentage,city
Indicator estimates: access (walking),Percentage of population with walking access within 1500 m to an activity centre of the 'health' definition ('all' tier): a network location whose walkable catchment contains at least one destination of each required category (population weighted),pop_pct_access_walk_activity_centre_health_all_1500m,percent,percentage,city
Indicator estimates: access (walking),Percentage of population with walking access within 1500 m to an activity centre of the 'civic' definition ('all' tier): a network location whose walkable catchment contains at least one destination of each required category (population weighted),pop_pct_access_walk_activity_centre_civic_all_1500m,percent,percentage,city
Indicator estimates: access (walking),Percentage of population with walking access within 1500 m to an activity centre of the 'jobs' definition ('local' tier): a network location whose walkable catchment contains at least one destination of each required category (population weighted),pop_pct_access_walk_activity_centre_jobs_local_1500m,percent,percentage,city
Indicator estimates: access (walking),Percentage of population with walking access within 1500 m to an activity centre of the 'jobs' definition ('complete' tier): a network location whose walkable catchment contains at least one destination of each required category (population weighted),pop_pct_access_walk_activity_centre_jobs_complete_1500m,percent,percentage,city
Indicator estimates: access (walking),Percentage of population with walking access within 1500 m to an activity centre of the 'services' definition ('local' tier): a network location whose walkable catchment contains at least one destination of each required category (population weighted),pop_pct_access_walk_activity_centre_services_local_1500m,percent,percentage,city
Indicator estimates: access (walking),Percentage of population with walking access within 1500 m to an activity centre of the 'services' definition ('complete' tier): a network location whose walkable catchment contains at least one destination of each required category (population weighted),pop_pct_access_walk_activity_centre_services_complete_1500m,percent,percentage,city
Indicator estimates: access (walking),"Percentage of population with walking access within 500 m to all core destination categories at their strict variant (fresh food market, large public open space, frequent public transport) (population weighted)",pop_pct_access_walk_all_strict_500m,percent,percentage,city
Indicator estimates: access (walking),"Percentage of population with walking access within 1000 m to all core destination categories at their strict variant (fresh food market, large public open space, frequent public transport) (population weighted)",pop_pct_access_walk_all_strict_1000m,percent,percentage,city
Indicator estimates: access (walking),"Percentage of population with walking access within 1500 m to all core destination categories at their strict variant (fresh food market, large public open space, frequent public transport) (population weighted)",pop_pct_access_walk_all_strict_1500m,percent,percentage,city
Indicator estimates: access (walking),"Percentage of population with walking access within 500 m to all core destination categories at their lenient variant (pooled fresh food, any public open space, any public transport) (population weighted)",pop_pct_access_walk_all_lenient_500m,percent,percentage,city
Indicator estimates: access (walking),"Percentage of population with walking access within 1000 m to all core destination categories at their lenient variant (pooled fresh food, any public open space, any public transport) (population weighted)",pop_pct_access_walk_all_lenient_1000m,percent,percentage,city
Indicator estimates: access (walking),"Percentage of population with walking access within 1500 m to all core destination categories at their lenient variant (pooled fresh food, any public open space, any public transport) (population weighted)",pop_pct_access_walk_all_lenient_1500m,percent,percentage,city
Indicator estimates: access (walking),Percentage of population with walking access within 500 m to all destination categories of the 'essentials' combined-access set (strict variants) (population weighted),pop_pct_access_walk_all_essentials_strict_500m,percent,percentage,city
Indicator estimates: access (walking),Percentage of population with walking access within 1000 m to all destination categories of the 'essentials' combined-access set (strict variants) (population weighted),pop_pct_access_walk_all_essentials_strict_1000m,percent,percentage,city
Indicator estimates: access (walking),Percentage of population with walking access within 1500 m to all destination categories of the 'essentials' combined-access set (strict variants) (population weighted),pop_pct_access_walk_all_essentials_strict_1500m,percent,percentage,city
Indicator estimates: access (walking),Percentage of population with walking access within 500 m to all destination categories of the 'essentials' combined-access set (lenient variants) (population weighted),pop_pct_access_walk_all_essentials_lenient_500m,percent,percentage,city
Indicator estimates: access (walking),Percentage of population with walking access within 1000 m to all destination categories of the 'essentials' combined-access set (lenient variants) (population weighted),pop_pct_access_walk_all_essentials_lenient_1000m,percent,percentage,city
Indicator estimates: access (walking),Percentage of population with walking access within 1500 m to all destination categories of the 'essentials' combined-access set (lenient variants) (population weighted),pop_pct_access_walk_all_essentials_lenient_1500m,percent,percentage,city
Indicator estimates: access (walking),Percentage of population with walking access within 500 m to all destination categories of the 'services' combined-access set (strict variants) (population weighted),pop_pct_access_walk_all_services_strict_500m,percent,percentage,city
Indicator estimates: access (walking),Percentage of population with walking access within 1000 m to all destination categories of the 'services' combined-access set (strict variants) (population weighted),pop_pct_access_walk_all_services_strict_1000m,percent,percentage,city
Indicator estimates: access (walking),Percentage of population with walking access within 1500 m to all destination categories of the 'services' combined-access set (strict variants) (population weighted),pop_pct_access_walk_all_services_strict_1500m,percent,percentage,city
Indicator estimates: access (walking),Percentage of population with walking access within 500 m to all destination categories of the 'services' combined-access set (lenient variants) (population weighted),pop_pct_access_walk_all_services_lenient_500m,percent,percentage,city
Indicator estimates: access (walking),Percentage of population with walking access within 1000 m to all destination categories of the 'services' combined-access set (lenient variants) (population weighted),pop_pct_access_walk_all_services_lenient_1000m,percent,percentage,city
Indicator estimates: access (walking),Percentage of population with walking access within 1500 m to all destination categories of the 'services' combined-access set (lenient variants) (population weighted),pop_pct_access_walk_all_services_lenient_1500m,percent,percentage,city
Indicator estimates: access (walking),"Average diversity (0-1) of the 'fresh food' destination sub-types reachable within 500 m along the pedestrian network: the Shannon entropy of the counts of each sub-type, normalised by the number of sub-types defined, so that 1 is an even spread across all of them and 0 is one sub-type only, or nothing reachable at all (population weighted)",pop_avg_diversity_walk_fresh_food_500m,index 0-1,mean,city
Indicator estimates: access (walking),Average share (0-1) of the 'fresh food' destination sub-types with at least one destination reachable within 500 m along the pedestrian network (population weighted),pop_avg_richness_walk_fresh_food_500m,index 0-1,mean,city
Indicator estimates: access (walking),"Average diversity (0-1) of the 'fresh food' destination sub-types reachable within 1000 m along the pedestrian network: the Shannon entropy of the counts of each sub-type, normalised by the number of sub-types defined, so that 1 is an even spread across all of them and 0 is one sub-type only, or nothing reachable at all (population weighted)",pop_avg_diversity_walk_fresh_food_1000m,index 0-1,mean,city
Indicator estimates: access (walking),Average share (0-1) of the 'fresh food' destination sub-types with at least one destination reachable within 1000 m along the pedestrian network (population weighted),pop_avg_richness_walk_fresh_food_1000m,index 0-1,mean,city
Indicator estimates: access (walking),"Average diversity (0-1) of the 'education' destination sub-types reachable within 500 m along the pedestrian network: the Shannon entropy of the counts of each sub-type, normalised by the number of sub-types defined, so that 1 is an even spread across all of them and 0 is one sub-type only, or nothing reachable at all (population weighted)",pop_avg_diversity_walk_education_500m,index 0-1,mean,city
Indicator estimates: access (walking),Average share (0-1) of the 'education' destination sub-types with at least one destination reachable within 500 m along the pedestrian network (population weighted),pop_avg_richness_walk_education_500m,index 0-1,mean,city
Indicator estimates: access (walking),"Average diversity (0-1) of the 'education' destination sub-types reachable within 1000 m along the pedestrian network: the Shannon entropy of the counts of each sub-type, normalised by the number of sub-types defined, so that 1 is an even spread across all of them and 0 is one sub-type only, or nothing reachable at all (population weighted)",pop_avg_diversity_walk_education_1000m,index 0-1,mean,city
Indicator estimates: access (walking),Average share (0-1) of the 'education' destination sub-types with at least one destination reachable within 1000 m along the pedestrian network (population weighted),pop_avg_richness_walk_education_1000m,index 0-1,mean,city
Indicator estimates: access (walking),"Average diversity (0-1) of the 'health care' destination sub-types reachable within 500 m along the pedestrian network: the Shannon entropy of the counts of each sub-type, normalised by the number of sub-types defined, so that 1 is an even spread across all of them and 0 is one sub-type only, or nothing reachable at all (population weighted)",pop_avg_diversity_walk_health_care_500m,index 0-1,mean,city
Indicator estimates: access (walking),Average share (0-1) of the 'health care' destination sub-types with at least one destination reachable within 500 m along the pedestrian network (population weighted),pop_avg_richness_walk_health_care_500m,index 0-1,mean,city
Indicator estimates: access (walking),"Average diversity (0-1) of the 'health care' destination sub-types reachable within 1000 m along the pedestrian network: the Shannon entropy of the counts of each sub-type, normalised by the number of sub-types defined, so that 1 is an even spread across all of them and 0 is one sub-type only, or nothing reachable at all (population weighted)",pop_avg_diversity_walk_health_care_1000m,index 0-1,mean,city
Indicator estimates: access (walking),Average share (0-1) of the 'health care' destination sub-types with at least one destination reachable within 1000 m along the pedestrian network (population weighted),pop_avg_richness_walk_health_care_1000m,index 0-1,mean,city
Indicator estimates: access (walking),"Average diversity (0-1) of the 'community culture recreation' destination sub-types reachable within 500 m along the pedestrian network: the Shannon entropy of the counts of each sub-type, normalised by the number of sub-types defined, so that 1 is an even spread across all of them and 0 is one sub-type only, or nothing reachable at all (population weighted)",pop_avg_diversity_walk_community_culture_recreation_500m,index 0-1,mean,city
Indicator estimates: access (walking),Average share (0-1) of the 'community culture recreation' destination sub-types with at least one destination reachable within 500 m along the pedestrian network (population weighted),pop_avg_richness_walk_community_culture_recreation_500m,index 0-1,mean,city
Indicator estimates: access (walking),"Average diversity (0-1) of the 'community culture recreation' destination sub-types reachable within 1000 m along the pedestrian network: the Shannon entropy of the counts of each sub-type, normalised by the number of sub-types defined, so that 1 is an even spread across all of them and 0 is one sub-type only, or nothing reachable at all (population weighted)",pop_avg_diversity_walk_community_culture_recreation_1000m,index 0-1,mean,city
Indicator estimates: access (walking),Average share (0-1) of the 'community culture recreation' destination sub-types with at least one destination reachable within 1000 m along the pedestrian network (population weighted),pop_avg_richness_walk_community_culture_recreation_1000m,index 0-1,mean,city
Indicator estimates: access (walking),Percentage of population with access within 500 m of a fresh food market / supermarket (source: OpenStreetMap or custom data),pct_access_500m_fresh_food_market_score,percent,percentage,"grid, custom: manzanas, custom: condesa_lotes"
Indicator estimates: access (walking),Percentage of population with access within 500 m of a convenience store (source: OpenStreetMap or custom data),pct_access_500m_convenience_score,percent,percentage,"grid, custom: manzanas, custom: condesa_lotes"
Indicator estimates: access (walking),Percentage of population with access within 500 m of any public transport stop (source: OpenStreetMap or custom data),pct_access_500m_pt_osm_any_score,percent,percentage,"grid, custom: manzanas, custom: condesa_lotes"
Indicator estimates: access (walking),Percentage of population with access within 500 m of any public open space (source: OpenStreetMap),pct_access_500m_public_open_space_any_score,percent,percentage,"grid, custom: manzanas, custom: condesa_lotes"
Indicator estimates: access (walking),Percentage of population with access within 500 m of a public open space larger than 1.5 hectares (source: OpenStreetMap),pct_access_500m_public_open_space_large_score,percent,percentage,"grid, custom: manzanas, custom: condesa_lotes"
Indicator estimates: access (walking),"Percentage of population with access within 500 m of a large public green space of at least 1 hectare (source: OpenStreetMap, Google Earth Engine)",pct_access_500m_large_public_green_space_score,percent,percentage,"grid, custom: manzanas, custom: condesa_lotes"
Indicator estimates: access (walking),Percentage of population with access within 500 m of any public transport stop (source: GTFS),pct_access_500m_pt_gtfs_any_score,percent,percentage,"grid, custom: manzanas, custom: condesa_lotes"
Indicator estimates: access (walking),Percentage of population with access within 500 m of a public transport stop with average daytime weekday service frequency of 30 minutes or better (source: GTFS),pct_access_500m_pt_gtfs_freq_30_score,percent,percentage,"grid, custom: manzanas, custom: condesa_lotes"
Indicator estimates: access (walking),Percentage of population with access within 500 m of a public transport stop with average daytime weekday service frequency of 20 minutes or better (source: GTFS),pct_access_500m_pt_gtfs_freq_20_score,percent,percentage,"grid, custom: manzanas, custom: condesa_lotes"
Indicator estimates: access (walking),Percentage of population with access within 500 m of any public transport stop (best result of GTFS and OpenStreetMap/custom sources),pct_access_500m_pt_any_score,percent,percentage,"grid, custom: manzanas, custom: condesa_lotes"
Indicator estimates: access (walking),Average distance (m) along the pedestrian network to the nearest fresh food market / supermarket (source: OpenStreetMap or custom data),avg_walk_dist_fresh_food_market,metres,mean,"grid, custom: agebs, custom: manzanas, custom: condesa_lotes, custom: condesa_fraccionamientos, custom: region_mexicali, custom: region_condesa"
Indicator estimates: access (walking),"Average distance (m) along the pedestrian network to the nearest fresh food market, supermarket or convenience store (pooled fresh food destinations)",avg_walk_dist_fresh_food_pooled,metres,mean,"grid, custom: agebs, custom: manzanas, custom: condesa_lotes, custom: condesa_fraccionamientos, custom: region_mexicali, custom: region_condesa"
Indicator estimates: access (walking),Average distance (m) along the pedestrian network to the nearest public open space larger than 1.5 hectares (source: OpenStreetMap),avg_walk_dist_public_open_space_large,metres,mean,"grid, custom: agebs, custom: manzanas, custom: condesa_lotes, custom: condesa_fraccionamientos, custom: region_mexicali, custom: region_condesa"
Indicator estimates: access (walking),Average distance (m) along the pedestrian network to the nearest public open space (source: OpenStreetMap),avg_walk_dist_public_open_space_any,metres,mean,"grid, custom: agebs, custom: manzanas, custom: condesa_lotes, custom: condesa_fraccionamientos, custom: region_mexicali, custom: region_condesa"
Indicator estimates: access (walking),"Average distance (m) along the pedestrian network to the nearest natural blue space -- a river, canal, drain, lake, reservoir, wetland, beach or coast (source: OpenStreetMap or custom data)",avg_walk_dist_blue_space,metres,mean,"grid, custom: agebs, custom: manzanas, custom: condesa_lotes, custom: condesa_fraccionamientos, custom: region_mexicali, custom: region_condesa"
Indicator estimates: access (walking),"Average distance (m) along the pedestrian network to the nearest public open space containing water, such as a park with a lake (source: OpenStreetMap)",avg_walk_dist_public_open_space_with_water,metres,mean,"grid, custom: agebs, custom: manzanas, custom: condesa_lotes, custom: condesa_fraccionamientos, custom: region_mexicali, custom: region_condesa"
Indicator estimates: access (walking),Average distance (m) along the pedestrian network to the nearest public transport stop (best result of GTFS and OpenStreetMap/custom sources),avg_walk_dist_pt_any,metres,mean,"grid, custom: agebs, custom: manzanas, custom: condesa_lotes, custom: condesa_fraccionamientos, custom: region_mexicali, custom: region_condesa"
Indicator estimates: access (walking),Average distance (m) along the pedestrian network to the nearest 'denue fresh food' (custom destination),avg_walk_dist_denue_fresh_food,metres,mean,"grid, custom: agebs, custom: manzanas, custom: condesa_lotes, custom: condesa_fraccionamientos, custom: region_mexicali, custom: region_condesa"
Indicator estimates: access (walking),Average distance (m) along the pedestrian network to the nearest 'denue food retail' (custom destination),avg_walk_dist_denue_food_retail,metres,mean,"grid, custom: agebs, custom: manzanas, custom: condesa_lotes, custom: condesa_fraccionamientos, custom: region_mexicali, custom: region_condesa"
Indicator estimates: access (walking),Average distance (m) along the pedestrian network to the nearest 'denue bakery tortilleria' (custom destination),avg_walk_dist_denue_bakery_tortilleria,metres,mean,"grid, custom: agebs, custom: manzanas, custom: condesa_lotes, custom: condesa_fraccionamientos, custom: region_mexicali, custom: region_condesa"
Indicator estimates: access (walking),Average distance (m) along the pedestrian network to the nearest 'denue household goods' (custom destination),avg_walk_dist_denue_household_goods,metres,mean,"grid, custom: agebs, custom: manzanas, custom: condesa_lotes, custom: condesa_fraccionamientos, custom: region_mexicali, custom: region_condesa"
Indicator estimates: access (walking),Average distance (m) along the pedestrian network to the nearest 'denue pharmacy' (custom destination),avg_walk_dist_denue_pharmacy,metres,mean,"grid, custom: agebs, custom: manzanas, custom: condesa_lotes, custom: condesa_fraccionamientos, custom: region_mexicali, custom: region_condesa"
Indicator estimates: access (walking),Average distance (m) along the pedestrian network to the nearest 'denue finance comms' (custom destination),avg_walk_dist_denue_finance_comms,metres,mean,"grid, custom: agebs, custom: manzanas, custom: condesa_lotes, custom: condesa_fraccionamientos, custom: region_mexicali, custom: region_condesa"
Indicator estimates: access (walking),Average distance (m) along the pedestrian network to the nearest 'denue preschool' (custom destination),avg_walk_dist_denue_preschool,metres,mean,"grid, custom: agebs, custom: manzanas, custom: condesa_lotes, custom: condesa_fraccionamientos, custom: region_mexicali, custom: region_condesa"
Indicator estimates: access (walking),Average distance (m) along the pedestrian network to the nearest 'denue primary school' (custom destination),avg_walk_dist_denue_primary_school,metres,mean,"grid, custom: agebs, custom: manzanas, custom: condesa_lotes, custom: condesa_fraccionamientos, custom: region_mexicali, custom: region_condesa"
Indicator estimates: access (walking),Average distance (m) along the pedestrian network to the nearest 'denue secondary school' (custom destination),avg_walk_dist_denue_secondary_school,metres,mean,"grid, custom: agebs, custom: manzanas, custom: condesa_lotes, custom: condesa_fraccionamientos, custom: region_mexicali, custom: region_condesa"
Indicator estimates: access (walking),Average distance (m) along the pedestrian network to the nearest 'denue tertiary education' (custom destination),avg_walk_dist_denue_tertiary_education,metres,mean,"grid, custom: agebs, custom: manzanas, custom: condesa_lotes, custom: condesa_fraccionamientos, custom: region_mexicali, custom: region_condesa"
Indicator estimates: access (walking),Average distance (m) along the pedestrian network to the nearest 'denue primary healthcare' (custom destination),avg_walk_dist_denue_primary_healthcare,metres,mean,"grid, custom: agebs, custom: manzanas, custom: condesa_lotes, custom: condesa_fraccionamientos, custom: region_mexicali, custom: region_condesa"
Indicator estimates: access (walking),Average distance (m) along the pedestrian network to the nearest 'denue medical clinic' (custom destination),avg_walk_dist_denue_medical_clinic,metres,mean,"grid, custom: agebs, custom: manzanas, custom: condesa_lotes, custom: condesa_fraccionamientos, custom: region_mexicali, custom: region_condesa"
Indicator estimates: access (walking),Average distance (m) along the pedestrian network to the nearest 'denue hospital' (custom destination),avg_walk_dist_denue_hospital,metres,mean,"grid, custom: agebs, custom: manzanas, custom: condesa_lotes, custom: condesa_fraccionamientos, custom: region_mexicali, custom: region_condesa"
Indicator estimates: access (walking),Average distance (m) along the pedestrian network to the nearest 'denue care support' (custom destination),avg_walk_dist_denue_care_support,metres,mean,"grid, custom: agebs, custom: manzanas, custom: condesa_lotes, custom: condesa_fraccionamientos, custom: region_mexicali, custom: region_condesa"
Indicator estimates: access (walking),Average distance (m) along the pedestrian network to the nearest 'denue childcare' (custom destination),avg_walk_dist_denue_childcare,metres,mean,"grid, custom: agebs, custom: manzanas, custom: condesa_lotes, custom: condesa_fraccionamientos, custom: region_mexicali, custom: region_condesa"
Indicator estimates: access (walking),Average distance (m) along the pedestrian network to the nearest 'denue community' (custom destination),avg_walk_dist_denue_community,metres,mean,"grid, custom: agebs, custom: manzanas, custom: condesa_lotes, custom: condesa_fraccionamientos, custom: region_mexicali, custom: region_condesa"
Indicator estimates: access (walking),Average distance (m) along the pedestrian network to the nearest 'denue culture' (custom destination),avg_walk_dist_denue_culture,metres,mean,"grid, custom: agebs, custom: manzanas, custom: condesa_lotes, custom: condesa_fraccionamientos, custom: region_mexicali, custom: region_condesa"
Indicator estimates: access (walking),Average distance (m) along the pedestrian network to the nearest 'denue sport' (custom destination),avg_walk_dist_denue_sport,metres,mean,"grid, custom: agebs, custom: manzanas, custom: condesa_lotes, custom: condesa_fraccionamientos, custom: region_mexicali, custom: region_condesa"
Indicator estimates: access (walking),Average distance (m) along the pedestrian network to the nearest 'denue recreation' (custom destination),avg_walk_dist_denue_recreation,metres,mean,"grid, custom: agebs, custom: manzanas, custom: condesa_lotes, custom: condesa_fraccionamientos, custom: region_mexicali, custom: region_condesa"
Indicator estimates: access (walking),Average distance (m) along the pedestrian network to the nearest 'denue employment any' (custom destination),avg_walk_dist_denue_employment_any,metres,mean,"grid, custom: agebs, custom: manzanas, custom: condesa_lotes, custom: condesa_fraccionamientos, custom: region_mexicali, custom: region_condesa"
Indicator estimates: access (walking),Average distance (m) along the pedestrian network to the nearest 'denue employer medium' (custom destination),avg_walk_dist_denue_employer_medium,metres,mean,"grid, custom: agebs, custom: manzanas, custom: condesa_lotes, custom: condesa_fraccionamientos, custom: region_mexicali, custom: region_condesa"
Indicator estimates: access (walking),Average distance (m) along the pedestrian network to the nearest 'denue manufacturing' (custom destination),avg_walk_dist_denue_manufacturing,metres,mean,"grid, custom: agebs, custom: manzanas, custom: condesa_lotes, custom: condesa_fraccionamientos, custom: region_mexicali, custom: region_condesa"
Indicator estimates: access (walking),Average distance (m) along the pedestrian network to the nearest 'denue petrol station' (custom destination),avg_walk_dist_denue_petrol_station,metres,mean,"grid, custom: agebs, custom: manzanas, custom: condesa_lotes, custom: condesa_fraccionamientos, custom: region_mexicali, custom: region_condesa"
Indicator estimates: access (walking),Average distance (m) along the pedestrian network to the nearest activity centre of the 'essentials' definition ('local' tier): a network location whose walkable catchment contains at least one destination of each required category,avg_walk_dist_activity_centre_essentials_local,metres,mean,"grid, custom: agebs, custom: manzanas, custom: condesa_lotes, custom: condesa_fraccionamientos, custom: region_mexicali, custom: region_condesa"
Indicator estimates: access (walking),Average distance (m) along the pedestrian network to the nearest activity centre of the 'essentials' definition ('complete' tier): a network location whose walkable catchment contains at least one destination of each required category,avg_walk_dist_activity_centre_essentials_complete,metres,mean,"grid, custom: agebs, custom: manzanas, custom: condesa_lotes, custom: condesa_fraccionamientos, custom: region_mexicali, custom: region_condesa"
Indicator estimates: access (walking),Average distance (m) along the pedestrian network to the nearest activity centre of the 'health' definition ('all' tier): a network location whose walkable catchment contains at least one destination of each required category,avg_walk_dist_activity_centre_health_all,metres,mean,"grid, custom: agebs, custom: manzanas, custom: condesa_lotes, custom: condesa_fraccionamientos, custom: region_mexicali, custom: region_condesa"
Indicator estimates: access (walking),Average distance (m) along the pedestrian network to the nearest activity centre of the 'civic' definition ('all' tier): a network location whose walkable catchment contains at least one destination of each required category,avg_walk_dist_activity_centre_civic_all,metres,mean,"grid, custom: agebs, custom: manzanas, custom: condesa_lotes, custom: condesa_fraccionamientos, custom: region_mexicali, custom: region_condesa"
Indicator estimates: access (walking),Average distance (m) along the pedestrian network to the nearest activity centre of the 'jobs' definition ('local' tier): a network location whose walkable catchment contains at least one destination of each required category,avg_walk_dist_activity_centre_jobs_local,metres,mean,"grid, custom: agebs, custom: manzanas, custom: condesa_lotes, custom: condesa_fraccionamientos, custom: region_mexicali, custom: region_condesa"
Indicator estimates: access (walking),Average distance (m) along the pedestrian network to the nearest activity centre of the 'jobs' definition ('complete' tier): a network location whose walkable catchment contains at least one destination of each required category,avg_walk_dist_activity_centre_jobs_complete,metres,mean,"grid, custom: agebs, custom: manzanas, custom: condesa_lotes, custom: condesa_fraccionamientos, custom: region_mexicali, custom: region_condesa"
Indicator estimates: access (walking),Average distance (m) along the pedestrian network to the nearest activity centre of the 'services' definition ('local' tier): a network location whose walkable catchment contains at least one destination of each required category,avg_walk_dist_activity_centre_services_local,metres,mean,"grid, custom: agebs, custom: manzanas, custom: condesa_lotes, custom: condesa_fraccionamientos, custom: region_mexicali, custom: region_condesa"
Indicator estimates: access (walking),Average distance (m) along the pedestrian network to the nearest activity centre of the 'services' definition ('complete' tier): a network location whose walkable catchment contains at least one destination of each required category,avg_walk_dist_activity_centre_services_complete,metres,mean,"grid, custom: agebs, custom: manzanas, custom: condesa_lotes, custom: condesa_fraccionamientos, custom: region_mexicali, custom: region_condesa"
Indicator estimates: access (walking),"Average number of 'meat' destinations, a sub-type of 'fresh food', reachable within 500 m along the pedestrian network",avg_count_walk_fresh_food__meat_500m,count,mean,"grid, custom: agebs, custom: manzanas, custom: condesa_lotes, custom: condesa_fraccionamientos, custom: region_mexicali, custom: region_condesa"
Indicator estimates: access (walking),"Average number of 'meat' destinations, a sub-type of 'fresh food', reachable within 1000 m along the pedestrian network",avg_count_walk_fresh_food__meat_1000m,count,mean,"grid, custom: agebs, custom: manzanas, custom: condesa_lotes, custom: condesa_fraccionamientos, custom: region_mexicali, custom: region_condesa"
Indicator estimates: access (walking),"Average number of 'produce' destinations, a sub-type of 'fresh food', reachable within 500 m along the pedestrian network",avg_count_walk_fresh_food__produce_500m,count,mean,"grid, custom: agebs, custom: manzanas, custom: condesa_lotes, custom: condesa_fraccionamientos, custom: region_mexicali, custom: region_condesa"
Indicator estimates: access (walking),"Average number of 'produce' destinations, a sub-type of 'fresh food', reachable within 1000 m along the pedestrian network",avg_count_walk_fresh_food__produce_1000m,count,mean,"grid, custom: agebs, custom: manzanas, custom: condesa_lotes, custom: condesa_fraccionamientos, custom: region_mexicali, custom: region_condesa"
Indicator estimates: access (walking),"Average number of 'grains and spices' destinations, a sub-type of 'fresh food', reachable within 500 m along the pedestrian network",avg_count_walk_fresh_food__grains_and_spices_500m,count,mean,"grid, custom: agebs, custom: manzanas, custom: condesa_lotes, custom: condesa_fraccionamientos, custom: region_mexicali, custom: region_condesa"
Indicator estimates: access (walking),"Average number of 'grains and spices' destinations, a sub-type of 'fresh food', reachable within 1000 m along the pedestrian network",avg_count_walk_fresh_food__grains_and_spices_1000m,count,mean,"grid, custom: agebs, custom: manzanas, custom: condesa_lotes, custom: condesa_fraccionamientos, custom: region_mexicali, custom: region_condesa"
Indicator estimates: access (walking),"Average number of 'dairy' destinations, a sub-type of 'fresh food', reachable within 500 m along the pedestrian network",avg_count_walk_fresh_food__dairy_500m,count,mean,"grid, custom: agebs, custom: manzanas, custom: condesa_lotes, custom: condesa_fraccionamientos, custom: region_mexicali, custom: region_condesa"
Indicator estimates: access (walking),"Average number of 'dairy' destinations, a sub-type of 'fresh food', reachable within 1000 m along the pedestrian network",avg_count_walk_fresh_food__dairy_1000m,count,mean,"grid, custom: agebs, custom: manzanas, custom: condesa_lotes, custom: condesa_fraccionamientos, custom: region_mexicali, custom: region_condesa"
Indicator estimates: access (walking),"Average number of 'supermarket' destinations, a sub-type of 'fresh food', reachable within 500 m along the pedestrian network",avg_count_walk_fresh_food__supermarket_500m,count,mean,"grid, custom: agebs, custom: manzanas, custom: condesa_lotes, custom: condesa_fraccionamientos, custom: region_mexicali, custom: region_condesa"
Indicator estimates: access (walking),"Average number of 'supermarket' destinations, a sub-type of 'fresh food', reachable within 1000 m along the pedestrian network",avg_count_walk_fresh_food__supermarket_1000m,count,mean,"grid, custom: agebs, custom: manzanas, custom: condesa_lotes, custom: condesa_fraccionamientos, custom: region_mexicali, custom: region_condesa"
Indicator estimates: access (walking),"Average number of 'minisuper' destinations, a sub-type of 'fresh food', reachable within 500 m along the pedestrian network",avg_count_walk_fresh_food__minisuper_500m,count,mean,"grid, custom: agebs, custom: manzanas, custom: condesa_lotes, custom: condesa_fraccionamientos, custom: region_mexicali, custom: region_condesa"
Indicator estimates: access (walking),"Average number of 'minisuper' destinations, a sub-type of 'fresh food', reachable within 1000 m along the pedestrian network",avg_count_walk_fresh_food__minisuper_1000m,count,mean,"grid, custom: agebs, custom: manzanas, custom: condesa_lotes, custom: condesa_fraccionamientos, custom: region_mexicali, custom: region_condesa"
Indicator estimates: access (walking),"Average number of 'bakery tortilleria' destinations, a sub-type of 'fresh food', reachable within 500 m along the pedestrian network",avg_count_walk_fresh_food__bakery_tortilleria_500m,count,mean,"grid, custom: agebs, custom: manzanas, custom: condesa_lotes, custom: condesa_fraccionamientos, custom: region_mexicali, custom: region_condesa"
Indicator estimates: access (walking),"Average number of 'bakery tortilleria' destinations, a sub-type of 'fresh food', reachable within 1000 m along the pedestrian network",avg_count_walk_fresh_food__bakery_tortilleria_1000m,count,mean,"grid, custom: agebs, custom: manzanas, custom: condesa_lotes, custom: condesa_fraccionamientos, custom: region_mexicali, custom: region_condesa"
Indicator estimates: access (walking),"Average number of 'preschool' destinations, a sub-type of 'education', reachable within 500 m along the pedestrian network",avg_count_walk_education__preschool_500m,count,mean,"grid, custom: agebs, custom: manzanas, custom: condesa_lotes, custom: condesa_fraccionamientos, custom: region_mexicali, custom: region_condesa"
Indicator estimates: access (walking),"Average number of 'preschool' destinations, a sub-type of 'education', reachable within 1000 m along the pedestrian network",avg_count_walk_education__preschool_1000m,count,mean,"grid, custom: agebs, custom: manzanas, custom: condesa_lotes, custom: condesa_fraccionamientos, custom: region_mexicali, custom: region_condesa"
Indicator estimates: access (walking),"Average number of 'primary' destinations, a sub-type of 'education', reachable within 500 m along the pedestrian network",avg_count_walk_education__primary_500m,count,mean,"grid, custom: agebs, custom: manzanas, custom: condesa_lotes, custom: condesa_fraccionamientos, custom: region_mexicali, custom: region_condesa"
Indicator estimates: access (walking),"Average number of 'primary' destinations, a sub-type of 'education', reachable within 1000 m along the pedestrian network",avg_count_walk_education__primary_1000m,count,mean,"grid, custom: agebs, custom: manzanas, custom: condesa_lotes, custom: condesa_fraccionamientos, custom: region_mexicali, custom: region_condesa"
Indicator estimates: access (walking),"Average number of 'secondary' destinations, a sub-type of 'education', reachable within 500 m along the pedestrian network",avg_count_walk_education__secondary_500m,count,mean,"grid, custom: agebs, custom: manzanas, custom: condesa_lotes, custom: condesa_fraccionamientos, custom: region_mexicali, custom: region_condesa"
Indicator estimates: access (walking),"Average number of 'secondary' destinations, a sub-type of 'education', reachable within 1000 m along the pedestrian network",avg_count_walk_education__secondary_1000m,count,mean,"grid, custom: agebs, custom: manzanas, custom: condesa_lotes, custom: condesa_fraccionamientos, custom: region_mexicali, custom: region_condesa"
Indicator estimates: access (walking),"Average number of 'tertiary' destinations, a sub-type of 'education', reachable within 500 m along the pedestrian network",avg_count_walk_education__tertiary_500m,count,mean,"grid, custom: agebs, custom: manzanas, custom: condesa_lotes, custom: condesa_fraccionamientos, custom: region_mexicali, custom: region_condesa"
Indicator estimates: access (walking),"Average number of 'tertiary' destinations, a sub-type of 'education', reachable within 1000 m along the pedestrian network",avg_count_walk_education__tertiary_1000m,count,mean,"grid, custom: agebs, custom: manzanas, custom: condesa_lotes, custom: condesa_fraccionamientos, custom: region_mexicali, custom: region_condesa"
Indicator estimates: access (walking),"Average number of 'primary healthcare' destinations, a sub-type of 'health care', reachable within 500 m along the pedestrian network",avg_count_walk_health_care__primary_healthcare_500m,count,mean,"grid, custom: agebs, custom: manzanas, custom: condesa_lotes, custom: condesa_fraccionamientos, custom: region_mexicali, custom: region_condesa"
Indicator estimates: access (walking),"Average number of 'primary healthcare' destinations, a sub-type of 'health care', reachable within 1000 m along the pedestrian network",avg_count_walk_health_care__primary_healthcare_1000m,count,mean,"grid, custom: agebs, custom: manzanas, custom: condesa_lotes, custom: condesa_fraccionamientos, custom: region_mexicali, custom: region_condesa"
Indicator estimates: access (walking),"Average number of 'specialist clinic' destinations, a sub-type of 'health care', reachable within 500 m along the pedestrian network",avg_count_walk_health_care__specialist_clinic_500m,count,mean,"grid, custom: agebs, custom: manzanas, custom: condesa_lotes, custom: condesa_fraccionamientos, custom: region_mexicali, custom: region_condesa"
Indicator estimates: access (walking),"Average number of 'specialist clinic' destinations, a sub-type of 'health care', reachable within 1000 m along the pedestrian network",avg_count_walk_health_care__specialist_clinic_1000m,count,mean,"grid, custom: agebs, custom: manzanas, custom: condesa_lotes, custom: condesa_fraccionamientos, custom: region_mexicali, custom: region_condesa"
Indicator estimates: access (walking),"Average number of 'hospital' destinations, a sub-type of 'health care', reachable within 500 m along the pedestrian network",avg_count_walk_health_care__hospital_500m,count,mean,"grid, custom: agebs, custom: manzanas, custom: condesa_lotes, custom: condesa_fraccionamientos, custom: region_mexicali, custom: region_condesa"
Indicator estimates: access (walking),"Average number of 'hospital' destinations, a sub-type of 'health care', reachable within 1000 m along the pedestrian network",avg_count_walk_health_care__hospital_1000m,count,mean,"grid, custom: agebs, custom: manzanas, custom: condesa_lotes, custom: condesa_fraccionamientos, custom: region_mexicali, custom: region_condesa"
Indicator estimates: access (walking),"Average number of 'pharmacy' destinations, a sub-type of 'health care', reachable within 500 m along the pedestrian network",avg_count_walk_health_care__pharmacy_500m,count,mean,"grid, custom: agebs, custom: manzanas, custom: condesa_lotes, custom: condesa_fraccionamientos, custom: region_mexicali, custom: region_condesa"
Indicator estimates: access (walking),"Average number of 'pharmacy' destinations, a sub-type of 'health care', reachable within 1000 m along the pedestrian network",avg_count_walk_health_care__pharmacy_1000m,count,mean,"grid, custom: agebs, custom: manzanas, custom: condesa_lotes, custom: condesa_fraccionamientos, custom: region_mexicali, custom: region_condesa"
Indicator estimates: access (walking),"Average number of 'care support' destinations, a sub-type of 'health care', reachable within 500 m along the pedestrian network",avg_count_walk_health_care__care_support_500m,count,mean,"grid, custom: agebs, custom: manzanas, custom: condesa_lotes, custom: condesa_fraccionamientos, custom: region_mexicali, custom: region_condesa"
Indicator estimates: access (walking),"Average number of 'care support' destinations, a sub-type of 'health care', reachable within 1000 m along the pedestrian network",avg_count_walk_health_care__care_support_1000m,count,mean,"grid, custom: agebs, custom: manzanas, custom: condesa_lotes, custom: condesa_fraccionamientos, custom: region_mexicali, custom: region_condesa"
Indicator estimates: access (walking),"Average number of 'community' destinations, a sub-type of 'community culture recreation', reachable within 500 m along the pedestrian network",avg_count_walk_community_culture_recreation__community_500m,count,mean,"grid, custom: agebs, custom: manzanas, custom: condesa_lotes, custom: condesa_fraccionamientos, custom: region_mexicali, custom: region_condesa"
Indicator estimates: access (walking),"Average number of 'community' destinations, a sub-type of 'community culture recreation', reachable within 1000 m along the pedestrian network",avg_count_walk_community_culture_recreation__community_1000m,count,mean,"grid, custom: agebs, custom: manzanas, custom: condesa_lotes, custom: condesa_fraccionamientos, custom: region_mexicali, custom: region_condesa"
Indicator estimates: access (walking),"Average number of 'culture' destinations, a sub-type of 'community culture recreation', reachable within 500 m along the pedestrian network",avg_count_walk_community_culture_recreation__culture_500m,count,mean,"grid, custom: agebs, custom: manzanas, custom: condesa_lotes, custom: condesa_fraccionamientos, custom: region_mexicali, custom: region_condesa"
Indicator estimates: access (walking),"Average number of 'culture' destinations, a sub-type of 'community culture recreation', reachable within 1000 m along the pedestrian network",avg_count_walk_community_culture_recreation__culture_1000m,count,mean,"grid, custom: agebs, custom: manzanas, custom: condesa_lotes, custom: condesa_fraccionamientos, custom: region_mexicali, custom: region_condesa"
Indicator estimates: access (walking),"Average number of 'sport' destinations, a sub-type of 'community culture recreation', reachable within 500 m along the pedestrian network",avg_count_walk_community_culture_recreation__sport_500m,count,mean,"grid, custom: agebs, custom: manzanas, custom: condesa_lotes, custom: condesa_fraccionamientos, custom: region_mexicali, custom: region_condesa"
Indicator estimates: access (walking),"Average number of 'sport' destinations, a sub-type of 'community culture recreation', reachable within 1000 m along the pedestrian network",avg_count_walk_community_culture_recreation__sport_1000m,count,mean,"grid, custom: agebs, custom: manzanas, custom: condesa_lotes, custom: condesa_fraccionamientos, custom: region_mexicali, custom: region_condesa"
Indicator estimates: access (walking),"Average number of 'recreation' destinations, a sub-type of 'community culture recreation', reachable within 500 m along the pedestrian network",avg_count_walk_community_culture_recreation__recreation_500m,count,mean,"grid, custom: agebs, custom: manzanas, custom: condesa_lotes, custom: condesa_fraccionamientos, custom: region_mexicali, custom: region_condesa"
Indicator estimates: access (walking),"Average number of 'recreation' destinations, a sub-type of 'community culture recreation', reachable within 1000 m along the pedestrian network",avg_count_walk_community_culture_recreation__recreation_1000m,count,mean,"grid, custom: agebs, custom: manzanas, custom: condesa_lotes, custom: condesa_fraccionamientos, custom: region_mexicali, custom: region_condesa"
Indicator estimates: access (walking),"Percentage of population living further than 250 m along the pedestrian network from the nearest 'denue petrol station' (custom destination); proximity to this destination is a disamenity, so higher is better",pct_beyond_walk_denue_petrol_station_250m,percent,percentage,"grid, custom: agebs, custom: manzanas, custom: condesa_lotes, custom: condesa_fraccionamientos, custom: region_mexicali, custom: region_condesa"
Indicator estimates: access (walking),Percentage of population with walking access within 500 m to a fresh food market / supermarket (source: OpenStreetMap or custom data),pct_access_walk_fresh_food_market_500m,percent,percentage,"grid, custom: agebs, custom: manzanas, custom: condesa_lotes, custom: condesa_fraccionamientos, custom: region_mexicali, custom: region_condesa"
Indicator estimates: access (walking),"Percentage of population with walking access within 500 m to a fresh food market, supermarket or convenience store (pooled fresh food destinations)",pct_access_walk_fresh_food_pooled_500m,percent,percentage,"grid, custom: agebs, custom: manzanas, custom: condesa_lotes, custom: condesa_fraccionamientos, custom: region_mexicali, custom: region_condesa"
Indicator estimates: access (walking),Percentage of population with walking access within 500 m to a public open space larger than 1.5 hectares (source: OpenStreetMap),pct_access_walk_public_open_space_large_500m,percent,percentage,"grid, custom: agebs, custom: manzanas, custom: condesa_lotes, custom: condesa_fraccionamientos, custom: region_mexicali, custom: region_condesa"
Indicator estimates: access (walking),Percentage of population with walking access within 500 m to any public open space (source: OpenStreetMap),pct_access_walk_public_open_space_any_500m,percent,percentage,"grid, custom: agebs, custom: manzanas, custom: condesa_lotes, custom: condesa_fraccionamientos, custom: region_mexicali, custom: region_condesa"
Indicator estimates: access (walking),"Percentage of population with walking access within 500 m to a natural blue space -- a river, canal, drain, lake, reservoir, wetland, beach or coast (source: OpenStreetMap or custom data)",pct_access_walk_blue_space_500m,percent,percentage,"grid, custom: agebs, custom: manzanas, custom: condesa_lotes, custom: condesa_fraccionamientos, custom: region_mexicali, custom: region_condesa"
Indicator estimates: access (walking),"Percentage of population with walking access within 500 m to a public open space containing water, such as a park with a lake (source: OpenStreetMap)",pct_access_walk_public_open_space_with_water_500m,percent,percentage,"grid, custom: agebs, custom: manzanas, custom: condesa_lotes, custom: condesa_fraccionamientos, custom: region_mexicali, custom: region_condesa"
Indicator estimates: access (walking),Percentage of population with walking access within 500 m to any public transport stop (best result of GTFS and OpenStreetMap/custom sources),pct_access_walk_pt_any_500m,percent,percentage,"grid, custom: agebs, custom: manzanas, custom: condesa_lotes, custom: condesa_fraccionamientos, custom: region_mexicali, custom: region_condesa"
Indicator estimates: access (walking),Percentage of population with walking access within 500 m to 'denue fresh food' (custom destination),pct_access_walk_denue_fresh_food_500m,percent,percentage,"grid, custom: agebs, custom: manzanas, custom: condesa_lotes, custom: condesa_fraccionamientos, custom: region_mexicali, custom: region_condesa"
Indicator estimates: access (walking),Percentage of population with walking access within 500 m to 'denue food retail' (custom destination),pct_access_walk_denue_food_retail_500m,percent,percentage,"grid, custom: agebs, custom: manzanas, custom: condesa_lotes, custom: condesa_fraccionamientos, custom: region_mexicali, custom: region_condesa"
Indicator estimates: access (walking),Percentage of population with walking access within 500 m to 'denue bakery tortilleria' (custom destination),pct_access_walk_denue_bakery_tortilleria_500m,percent,percentage,"grid, custom: agebs, custom: manzanas, custom: condesa_lotes, custom: condesa_fraccionamientos, custom: region_mexicali, custom: region_condesa"
Indicator estimates: access (walking),Percentage of population with walking access within 500 m to 'denue household goods' (custom destination),pct_access_walk_denue_household_goods_500m,percent,percentage,"grid, custom: agebs, custom: manzanas, custom: condesa_lotes, custom: condesa_fraccionamientos, custom: region_mexicali, custom: region_condesa"
Indicator estimates: access (walking),Percentage of population with walking access within 500 m to 'denue pharmacy' (custom destination),pct_access_walk_denue_pharmacy_500m,percent,percentage,"grid, custom: agebs, custom: manzanas, custom: condesa_lotes, custom: condesa_fraccionamientos, custom: region_mexicali, custom: region_condesa"
Indicator estimates: access (walking),Percentage of population with walking access within 500 m to 'denue finance comms' (custom destination),pct_access_walk_denue_finance_comms_500m,percent,percentage,"grid, custom: agebs, custom: manzanas, custom: condesa_lotes, custom: condesa_fraccionamientos, custom: region_mexicali, custom: region_condesa"
Indicator estimates: access (walking),Percentage of population with walking access within 500 m to 'denue preschool' (custom destination),pct_access_walk_denue_preschool_500m,percent,percentage,"grid, custom: agebs, custom: manzanas, custom: condesa_lotes, custom: condesa_fraccionamientos, custom: region_mexicali, custom: region_condesa"
Indicator estimates: access (walking),Percentage of population with walking access within 500 m to 'denue primary school' (custom destination),pct_access_walk_denue_primary_school_500m,percent,percentage,"grid, custom: agebs, custom: manzanas, custom: condesa_lotes, custom: condesa_fraccionamientos, custom: region_mexicali, custom: region_condesa"
Indicator estimates: access (walking),Percentage of population with walking access within 500 m to 'denue secondary school' (custom destination),pct_access_walk_denue_secondary_school_500m,percent,percentage,"grid, custom: agebs, custom: manzanas, custom: condesa_lotes, custom: condesa_fraccionamientos, custom: region_mexicali, custom: region_condesa"
Indicator estimates: access (walking),Percentage of population with walking access within 500 m to 'denue tertiary education' (custom destination),pct_access_walk_denue_tertiary_education_500m,percent,percentage,"grid, custom: agebs, custom: manzanas, custom: condesa_lotes, custom: condesa_fraccionamientos, custom: region_mexicali, custom: region_condesa"
Indicator estimates: access (walking),Percentage of population with walking access within 500 m to 'denue primary healthcare' (custom destination),pct_access_walk_denue_primary_healthcare_500m,percent,percentage,"grid, custom: agebs, custom: manzanas, custom: condesa_lotes, custom: condesa_fraccionamientos, custom: region_mexicali, custom: region_condesa"
Indicator estimates: access (walking),Percentage of population with walking access within 500 m to 'denue medical clinic' (custom destination),pct_access_walk_denue_medical_clinic_500m,percent,percentage,"grid, custom: agebs, custom: manzanas, custom: condesa_lotes, custom: condesa_fraccionamientos, custom: region_mexicali, custom: region_condesa"
Indicator estimates: access (walking),Percentage of population with walking access within 500 m to 'denue hospital' (custom destination),pct_access_walk_denue_hospital_500m,percent,percentage,"grid, custom: agebs, custom: manzanas, custom: condesa_lotes, custom: condesa_fraccionamientos, custom: region_mexicali, custom: region_condesa"
Indicator estimates: access (walking),Percentage of population with walking access within 500 m to 'denue care support' (custom destination),pct_access_walk_denue_care_support_500m,percent,percentage,"grid, custom: agebs, custom: manzanas, custom: condesa_lotes, custom: condesa_fraccionamientos, custom: region_mexicali, custom: region_condesa"
Indicator estimates: access (walking),Percentage of population with walking access within 500 m to 'denue childcare' (custom destination),pct_access_walk_denue_childcare_500m,percent,percentage,"grid, custom: agebs, custom: manzanas, custom: condesa_lotes, custom: condesa_fraccionamientos, custom: region_mexicali, custom: region_condesa"
Indicator estimates: access (walking),Percentage of population with walking access within 500 m to 'denue community' (custom destination),pct_access_walk_denue_community_500m,percent,percentage,"grid, custom: agebs, custom: manzanas, custom: condesa_lotes, custom: condesa_fraccionamientos, custom: region_mexicali, custom: region_condesa"
Indicator estimates: access (walking),Percentage of population with walking access within 500 m to 'denue culture' (custom destination),pct_access_walk_denue_culture_500m,percent,percentage,"grid, custom: agebs, custom: manzanas, custom: condesa_lotes, custom: condesa_fraccionamientos, custom: region_mexicali, custom: region_condesa"
Indicator estimates: access (walking),Percentage of population with walking access within 500 m to 'denue sport' (custom destination),pct_access_walk_denue_sport_500m,percent,percentage,"grid, custom: agebs, custom: manzanas, custom: condesa_lotes, custom: condesa_fraccionamientos, custom: region_mexicali, custom: region_condesa"
Indicator estimates: access (walking),Percentage of population with walking access within 500 m to 'denue recreation' (custom destination),pct_access_walk_denue_recreation_500m,percent,percentage,"grid, custom: agebs, custom: manzanas, custom: condesa_lotes, custom: condesa_fraccionamientos, custom: region_mexicali, custom: region_condesa"
Indicator estimates: access (walking),Percentage of population with walking access within 500 m to 'denue employment any' (custom destination),pct_access_walk_denue_employment_any_500m,percent,percentage,"grid, custom: agebs, custom: manzanas, custom: condesa_lotes, custom: condesa_fraccionamientos, custom: region_mexicali, custom: region_condesa"
Indicator estimates: access (walking),Percentage of population with walking access within 500 m to 'denue employer medium' (custom destination),pct_access_walk_denue_employer_medium_500m,percent,percentage,"grid, custom: agebs, custom: manzanas, custom: condesa_lotes, custom: condesa_fraccionamientos, custom: region_mexicali, custom: region_condesa"
Indicator estimates: access (walking),Percentage of population with walking access within 500 m to 'denue manufacturing' (custom destination),pct_access_walk_denue_manufacturing_500m,percent,percentage,"grid, custom: agebs, custom: manzanas, custom: condesa_lotes, custom: condesa_fraccionamientos, custom: region_mexicali, custom: region_condesa"
Indicator estimates: access (walking),Percentage of population with walking access within 500 m to an activity centre of the 'essentials' definition ('local' tier): a network location whose walkable catchment contains at least one destination of each required category,pct_access_walk_activity_centre_essentials_local_500m,percent,percentage,"grid, custom: agebs, custom: manzanas, custom: condesa_lotes, custom: condesa_fraccionamientos, custom: region_mexicali, custom: region_condesa"
Indicator estimates: access (walking),Percentage of population with walking access within 500 m to an activity centre of the 'essentials' definition ('complete' tier): a network location whose walkable catchment contains at least one destination of each required category,pct_access_walk_activity_centre_essentials_complete_500m,percent,percentage,"grid, custom: agebs, custom: manzanas, custom: condesa_lotes, custom: condesa_fraccionamientos, custom: region_mexicali, custom: region_condesa"
Indicator estimates: access (walking),Percentage of population with walking access within 500 m to an activity centre of the 'health' definition ('all' tier): a network location whose walkable catchment contains at least one destination of each required category,pct_access_walk_activity_centre_health_all_500m,percent,percentage,"grid, custom: agebs, custom: manzanas, custom: condesa_lotes, custom: condesa_fraccionamientos, custom: region_mexicali, custom: region_condesa"
Indicator estimates: access (walking),Percentage of population with walking access within 500 m to an activity centre of the 'civic' definition ('all' tier): a network location whose walkable catchment contains at least one destination of each required category,pct_access_walk_activity_centre_civic_all_500m,percent,percentage,"grid, custom: agebs, custom: manzanas, custom: condesa_lotes, custom: condesa_fraccionamientos, custom: region_mexicali, custom: region_condesa"
Indicator estimates: access (walking),Percentage of population with walking access within 500 m to an activity centre of the 'jobs' definition ('local' tier): a network location whose walkable catchment contains at least one destination of each required category,pct_access_walk_activity_centre_jobs_local_500m,percent,percentage,"grid, custom: agebs, custom: manzanas, custom: condesa_lotes, custom: condesa_fraccionamientos, custom: region_mexicali, custom: region_condesa"
Indicator estimates: access (walking),Percentage of population with walking access within 500 m to an activity centre of the 'jobs' definition ('complete' tier): a network location whose walkable catchment contains at least one destination of each required category,pct_access_walk_activity_centre_jobs_complete_500m,percent,percentage,"grid, custom: agebs, custom: manzanas, custom: condesa_lotes, custom: condesa_fraccionamientos, custom: region_mexicali, custom: region_condesa"
Indicator estimates: access (walking),Percentage of population with walking access within 500 m to an activity centre of the 'services' definition ('local' tier): a network location whose walkable catchment contains at least one destination of each required category,pct_access_walk_activity_centre_services_local_500m,percent,percentage,"grid, custom: agebs, custom: manzanas, custom: condesa_lotes, custom: condesa_fraccionamientos, custom: region_mexicali, custom: region_condesa"
Indicator estimates: access (walking),Percentage of population with walking access within 500 m to an activity centre of the 'services' definition ('complete' tier): a network location whose walkable catchment contains at least one destination of each required category,pct_access_walk_activity_centre_services_complete_500m,percent,percentage,"grid, custom: agebs, custom: manzanas, custom: condesa_lotes, custom: condesa_fraccionamientos, custom: region_mexicali, custom: region_condesa"
Indicator estimates: access (walking),Percentage of population with walking access within 1000 m to a fresh food market / supermarket (source: OpenStreetMap or custom data),pct_access_walk_fresh_food_market_1000m,percent,percentage,"grid, custom: agebs, custom: manzanas, custom: condesa_lotes, custom: condesa_fraccionamientos, custom: region_mexicali, custom: region_condesa"
Indicator estimates: access (walking),"Percentage of population with walking access within 1000 m to a fresh food market, supermarket or convenience store (pooled fresh food destinations)",pct_access_walk_fresh_food_pooled_1000m,percent,percentage,"grid, custom: agebs, custom: manzanas, custom: condesa_lotes, custom: condesa_fraccionamientos, custom: region_mexicali, custom: region_condesa"
Indicator estimates: access (walking),Percentage of population with walking access within 1000 m to a public open space larger than 1.5 hectares (source: OpenStreetMap),pct_access_walk_public_open_space_large_1000m,percent,percentage,"grid, custom: agebs, custom: manzanas, custom: condesa_lotes, custom: condesa_fraccionamientos, custom: region_mexicali, custom: region_condesa"
Indicator estimates: access (walking),Percentage of population with walking access within 1000 m to any public open space (source: OpenStreetMap),pct_access_walk_public_open_space_any_1000m,percent,percentage,"grid, custom: agebs, custom: manzanas, custom: condesa_lotes, custom: condesa_fraccionamientos, custom: region_mexicali, custom: region_condesa"
Indicator estimates: access (walking),"Percentage of population with walking access within 1000 m to a natural blue space -- a river, canal, drain, lake, reservoir, wetland, beach or coast (source: OpenStreetMap or custom data)",pct_access_walk_blue_space_1000m,percent,percentage,"grid, custom: agebs, custom: manzanas, custom: condesa_lotes, custom: condesa_fraccionamientos, custom: region_mexicali, custom: region_condesa"
Indicator estimates: access (walking),"Percentage of population with walking access within 1000 m to a public open space containing water, such as a park with a lake (source: OpenStreetMap)",pct_access_walk_public_open_space_with_water_1000m,percent,percentage,"grid, custom: agebs, custom: manzanas, custom: condesa_lotes, custom: condesa_fraccionamientos, custom: region_mexicali, custom: region_condesa"
Indicator estimates: access (walking),Percentage of population with walking access within 1000 m to any public transport stop (best result of GTFS and OpenStreetMap/custom sources),pct_access_walk_pt_any_1000m,percent,percentage,"grid, custom: agebs, custom: manzanas, custom: condesa_lotes, custom: condesa_fraccionamientos, custom: region_mexicali, custom: region_condesa"
Indicator estimates: access (walking),Percentage of population with walking access within 1000 m to 'denue fresh food' (custom destination),pct_access_walk_denue_fresh_food_1000m,percent,percentage,"grid, custom: agebs, custom: manzanas, custom: condesa_lotes, custom: condesa_fraccionamientos, custom: region_mexicali, custom: region_condesa"
Indicator estimates: access (walking),Percentage of population with walking access within 1000 m to 'denue food retail' (custom destination),pct_access_walk_denue_food_retail_1000m,percent,percentage,"grid, custom: agebs, custom: manzanas, custom: condesa_lotes, custom: condesa_fraccionamientos, custom: region_mexicali, custom: region_condesa"
Indicator estimates: access (walking),Percentage of population with walking access within 1000 m to 'denue bakery tortilleria' (custom destination),pct_access_walk_denue_bakery_tortilleria_1000m,percent,percentage,"grid, custom: agebs, custom: manzanas, custom: condesa_lotes, custom: condesa_fraccionamientos, custom: region_mexicali, custom: region_condesa"
Indicator estimates: access (walking),Percentage of population with walking access within 1000 m to 'denue household goods' (custom destination),pct_access_walk_denue_household_goods_1000m,percent,percentage,"grid, custom: agebs, custom: manzanas, custom: condesa_lotes, custom: condesa_fraccionamientos, custom: region_mexicali, custom: region_condesa"
Indicator estimates: access (walking),Percentage of population with walking access within 1000 m to 'denue pharmacy' (custom destination),pct_access_walk_denue_pharmacy_1000m,percent,percentage,"grid, custom: agebs, custom: manzanas, custom: condesa_lotes, custom: condesa_fraccionamientos, custom: region_mexicali, custom: region_condesa"
Indicator estimates: access (walking),Percentage of population with walking access within 1000 m to 'denue finance comms' (custom destination),pct_access_walk_denue_finance_comms_1000m,percent,percentage,"grid, custom: agebs, custom: manzanas, custom: condesa_lotes, custom: condesa_fraccionamientos, custom: region_mexicali, custom: region_condesa"
Indicator estimates: access (walking),Percentage of population with walking access within 1000 m to 'denue preschool' (custom destination),pct_access_walk_denue_preschool_1000m,percent,percentage,"grid, custom: agebs, custom: manzanas, custom: condesa_lotes, custom: condesa_fraccionamientos, custom: region_mexicali, custom: region_condesa"
Indicator estimates: access (walking),Percentage of population with walking access within 1000 m to 'denue primary school' (custom destination),pct_access_walk_denue_primary_school_1000m,percent,percentage,"grid, custom: agebs, custom: manzanas, custom: condesa_lotes, custom: condesa_fraccionamientos, custom: region_mexicali, custom: region_condesa"
Indicator estimates: access (walking),Percentage of population with walking access within 1000 m to 'denue secondary school' (custom destination),pct_access_walk_denue_secondary_school_1000m,percent,percentage,"grid, custom: agebs, custom: manzanas, custom: condesa_lotes, custom: condesa_fraccionamientos, custom: region_mexicali, custom: region_condesa"
Indicator estimates: access (walking),Percentage of population with walking access within 1000 m to 'denue tertiary education' (custom destination),pct_access_walk_denue_tertiary_education_1000m,percent,percentage,"grid, custom: agebs, custom: manzanas, custom: condesa_lotes, custom: condesa_fraccionamientos, custom: region_mexicali, custom: region_condesa"
Indicator estimates: access (walking),Percentage of population with walking access within 1000 m to 'denue primary healthcare' (custom destination),pct_access_walk_denue_primary_healthcare_1000m,percent,percentage,"grid, custom: agebs, custom: manzanas, custom: condesa_lotes, custom: condesa_fraccionamientos, custom: region_mexicali, custom: region_condesa"
Indicator estimates: access (walking),Percentage of population with walking access within 1000 m to 'denue medical clinic' (custom destination),pct_access_walk_denue_medical_clinic_1000m,percent,percentage,"grid, custom: agebs, custom: manzanas, custom: condesa_lotes, custom: condesa_fraccionamientos, custom: region_mexicali, custom: region_condesa"
Indicator estimates: access (walking),Percentage of population with walking access within 1000 m to 'denue hospital' (custom destination),pct_access_walk_denue_hospital_1000m,percent,percentage,"grid, custom: agebs, custom: manzanas, custom: condesa_lotes, custom: condesa_fraccionamientos, custom: region_mexicali, custom: region_condesa"
Indicator estimates: access (walking),Percentage of population with walking access within 1000 m to 'denue care support' (custom destination),pct_access_walk_denue_care_support_1000m,percent,percentage,"grid, custom: agebs, custom: manzanas, custom: condesa_lotes, custom: condesa_fraccionamientos, custom: region_mexicali, custom: region_condesa"
Indicator estimates: access (walking),Percentage of population with walking access within 1000 m to 'denue childcare' (custom destination),pct_access_walk_denue_childcare_1000m,percent,percentage,"grid, custom: agebs, custom: manzanas, custom: condesa_lotes, custom: condesa_fraccionamientos, custom: region_mexicali, custom: region_condesa"
Indicator estimates: access (walking),Percentage of population with walking access within 1000 m to 'denue community' (custom destination),pct_access_walk_denue_community_1000m,percent,percentage,"grid, custom: agebs, custom: manzanas, custom: condesa_lotes, custom: condesa_fraccionamientos, custom: region_mexicali, custom: region_condesa"
Indicator estimates: access (walking),Percentage of population with walking access within 1000 m to 'denue culture' (custom destination),pct_access_walk_denue_culture_1000m,percent,percentage,"grid, custom: agebs, custom: manzanas, custom: condesa_lotes, custom: condesa_fraccionamientos, custom: region_mexicali, custom: region_condesa"
Indicator estimates: access (walking),Percentage of population with walking access within 1000 m to 'denue sport' (custom destination),pct_access_walk_denue_sport_1000m,percent,percentage,"grid, custom: agebs, custom: manzanas, custom: condesa_lotes, custom: condesa_fraccionamientos, custom: region_mexicali, custom: region_condesa"
Indicator estimates: access (walking),Percentage of population with walking access within 1000 m to 'denue recreation' (custom destination),pct_access_walk_denue_recreation_1000m,percent,percentage,"grid, custom: agebs, custom: manzanas, custom: condesa_lotes, custom: condesa_fraccionamientos, custom: region_mexicali, custom: region_condesa"
Indicator estimates: access (walking),Percentage of population with walking access within 1000 m to 'denue employment any' (custom destination),pct_access_walk_denue_employment_any_1000m,percent,percentage,"grid, custom: agebs, custom: manzanas, custom: condesa_lotes, custom: condesa_fraccionamientos, custom: region_mexicali, custom: region_condesa"
Indicator estimates: access (walking),Percentage of population with walking access within 1000 m to 'denue employer medium' (custom destination),pct_access_walk_denue_employer_medium_1000m,percent,percentage,"grid, custom: agebs, custom: manzanas, custom: condesa_lotes, custom: condesa_fraccionamientos, custom: region_mexicali, custom: region_condesa"
Indicator estimates: access (walking),Percentage of population with walking access within 1000 m to 'denue manufacturing' (custom destination),pct_access_walk_denue_manufacturing_1000m,percent,percentage,"grid, custom: agebs, custom: manzanas, custom: condesa_lotes, custom: condesa_fraccionamientos, custom: region_mexicali, custom: region_condesa"
Indicator estimates: access (walking),Percentage of population with walking access within 1000 m to an activity centre of the 'essentials' definition ('local' tier): a network location whose walkable catchment contains at least one destination of each required category,pct_access_walk_activity_centre_essentials_local_1000m,percent,percentage,"grid, custom: agebs, custom: manzanas, custom: condesa_lotes, custom: condesa_fraccionamientos, custom: region_mexicali, custom: region_condesa"
Indicator estimates: access (walking),Percentage of population with walking access within 1000 m to an activity centre of the 'essentials' definition ('complete' tier): a network location whose walkable catchment contains at least one destination of each required category,pct_access_walk_activity_centre_essentials_complete_1000m,percent,percentage,"grid, custom: agebs, custom: manzanas, custom: condesa_lotes, custom: condesa_fraccionamientos, custom: region_mexicali, custom: region_condesa"
Indicator estimates: access (walking),Percentage of population with walking access within 1000 m to an activity centre of the 'health' definition ('all' tier): a network location whose walkable catchment contains at least one destination of each required category,pct_access_walk_activity_centre_health_all_1000m,percent,percentage,"grid, custom: agebs, custom: manzanas, custom: condesa_lotes, custom: condesa_fraccionamientos, custom: region_mexicali, custom: region_condesa"
Indicator estimates: access (walking),Percentage of population with walking access within 1000 m to an activity centre of the 'civic' definition ('all' tier): a network location whose walkable catchment contains at least one destination of each required category,pct_access_walk_activity_centre_civic_all_1000m,percent,percentage,"grid, custom: agebs, custom: manzanas, custom: condesa_lotes, custom: condesa_fraccionamientos, custom: region_mexicali, custom: region_condesa"
Indicator estimates: access (walking),Percentage of population with walking access within 1000 m to an activity centre of the 'jobs' definition ('local' tier): a network location whose walkable catchment contains at least one destination of each required category,pct_access_walk_activity_centre_jobs_local_1000m,percent,percentage,"grid, custom: agebs, custom: manzanas, custom: condesa_lotes, custom: condesa_fraccionamientos, custom: region_mexicali, custom: region_condesa"
Indicator estimates: access (walking),Percentage of population with walking access within 1000 m to an activity centre of the 'jobs' definition ('complete' tier): a network location whose walkable catchment contains at least one destination of each required category,pct_access_walk_activity_centre_jobs_complete_1000m,percent,percentage,"grid, custom: agebs, custom: manzanas, custom: condesa_lotes, custom: condesa_fraccionamientos, custom: region_mexicali, custom: region_condesa"
Indicator estimates: access (walking),Percentage of population with walking access within 1000 m to an activity centre of the 'services' definition ('local' tier): a network location whose walkable catchment contains at least one destination of each required category,pct_access_walk_activity_centre_services_local_1000m,percent,percentage,"grid, custom: agebs, custom: manzanas, custom: condesa_lotes, custom: condesa_fraccionamientos, custom: region_mexicali, custom: region_condesa"
Indicator estimates: access (walking),Percentage of population with walking access within 1000 m to an activity centre of the 'services' definition ('complete' tier): a network location whose walkable catchment contains at least one destination of each required category,pct_access_walk_activity_centre_services_complete_1000m,percent,percentage,"grid, custom: agebs, custom: manzanas, custom: condesa_lotes, custom: condesa_fraccionamientos, custom: region_mexicali, custom: region_condesa"
Indicator estimates: access (walking),Percentage of population with walking access within 1500 m to a fresh food market / supermarket (source: OpenStreetMap or custom data),pct_access_walk_fresh_food_market_1500m,percent,percentage,"grid, custom: agebs, custom: manzanas, custom: condesa_lotes, custom: condesa_fraccionamientos, custom: region_mexicali, custom: region_condesa"
Indicator estimates: access (walking),"Percentage of population with walking access within 1500 m to a fresh food market, supermarket or convenience store (pooled fresh food destinations)",pct_access_walk_fresh_food_pooled_1500m,percent,percentage,"grid, custom: agebs, custom: manzanas, custom: condesa_lotes, custom: condesa_fraccionamientos, custom: region_mexicali, custom: region_condesa"
Indicator estimates: access (walking),Percentage of population with walking access within 1500 m to a public open space larger than 1.5 hectares (source: OpenStreetMap),pct_access_walk_public_open_space_large_1500m,percent,percentage,"grid, custom: agebs, custom: manzanas, custom: condesa_lotes, custom: condesa_fraccionamientos, custom: region_mexicali, custom: region_condesa"
Indicator estimates: access (walking),Percentage of population with walking access within 1500 m to any public open space (source: OpenStreetMap),pct_access_walk_public_open_space_any_1500m,percent,percentage,"grid, custom: agebs, custom: manzanas, custom: condesa_lotes, custom: condesa_fraccionamientos, custom: region_mexicali, custom: region_condesa"
Indicator estimates: access (walking),"Percentage of population with walking access within 1500 m to a natural blue space -- a river, canal, drain, lake, reservoir, wetland, beach or coast (source: OpenStreetMap or custom data)",pct_access_walk_blue_space_1500m,percent,percentage,"grid, custom: agebs, custom: manzanas, custom: condesa_lotes, custom: condesa_fraccionamientos, custom: region_mexicali, custom: region_condesa"
Indicator estimates: access (walking),"Percentage of population with walking access within 1500 m to a public open space containing water, such as a park with a lake (source: OpenStreetMap)",pct_access_walk_public_open_space_with_water_1500m,percent,percentage,"grid, custom: agebs, custom: manzanas, custom: condesa_lotes, custom: condesa_fraccionamientos, custom: region_mexicali, custom: region_condesa"
Indicator estimates: access (walking),Percentage of population with walking access within 1500 m to any public transport stop (best result of GTFS and OpenStreetMap/custom sources),pct_access_walk_pt_any_1500m,percent,percentage,"grid, custom: agebs, custom: manzanas, custom: condesa_lotes, custom: condesa_fraccionamientos, custom: region_mexicali, custom: region_condesa"
Indicator estimates: access (walking),Percentage of population with walking access within 1500 m to 'denue fresh food' (custom destination),pct_access_walk_denue_fresh_food_1500m,percent,percentage,"grid, custom: agebs, custom: manzanas, custom: condesa_lotes, custom: condesa_fraccionamientos, custom: region_mexicali, custom: region_condesa"
Indicator estimates: access (walking),Percentage of population with walking access within 1500 m to 'denue food retail' (custom destination),pct_access_walk_denue_food_retail_1500m,percent,percentage,"grid, custom: agebs, custom: manzanas, custom: condesa_lotes, custom: condesa_fraccionamientos, custom: region_mexicali, custom: region_condesa"
Indicator estimates: access (walking),Percentage of population with walking access within 1500 m to 'denue bakery tortilleria' (custom destination),pct_access_walk_denue_bakery_tortilleria_1500m,percent,percentage,"grid, custom: agebs, custom: manzanas, custom: condesa_lotes, custom: condesa_fraccionamientos, custom: region_mexicali, custom: region_condesa"
Indicator estimates: access (walking),Percentage of population with walking access within 1500 m to 'denue household goods' (custom destination),pct_access_walk_denue_household_goods_1500m,percent,percentage,"grid, custom: agebs, custom: manzanas, custom: condesa_lotes, custom: condesa_fraccionamientos, custom: region_mexicali, custom: region_condesa"
Indicator estimates: access (walking),Percentage of population with walking access within 1500 m to 'denue pharmacy' (custom destination),pct_access_walk_denue_pharmacy_1500m,percent,percentage,"grid, custom: agebs, custom: manzanas, custom: condesa_lotes, custom: condesa_fraccionamientos, custom: region_mexicali, custom: region_condesa"
Indicator estimates: access (walking),Percentage of population with walking access within 1500 m to 'denue finance comms' (custom destination),pct_access_walk_denue_finance_comms_1500m,percent,percentage,"grid, custom: agebs, custom: manzanas, custom: condesa_lotes, custom: condesa_fraccionamientos, custom: region_mexicali, custom: region_condesa"
Indicator estimates: access (walking),Percentage of population with walking access within 1500 m to 'denue preschool' (custom destination),pct_access_walk_denue_preschool_1500m,percent,percentage,"grid, custom: agebs, custom: manzanas, custom: condesa_lotes, custom: condesa_fraccionamientos, custom: region_mexicali, custom: region_condesa"
Indicator estimates: access (walking),Percentage of population with walking access within 1500 m to 'denue primary school' (custom destination),pct_access_walk_denue_primary_school_1500m,percent,percentage,"grid, custom: agebs, custom: manzanas, custom: condesa_lotes, custom: condesa_fraccionamientos, custom: region_mexicali, custom: region_condesa"
Indicator estimates: access (walking),Percentage of population with walking access within 1500 m to 'denue secondary school' (custom destination),pct_access_walk_denue_secondary_school_1500m,percent,percentage,"grid, custom: agebs, custom: manzanas, custom: condesa_lotes, custom: condesa_fraccionamientos, custom: region_mexicali, custom: region_condesa"
Indicator estimates: access (walking),Percentage of population with walking access within 1500 m to 'denue tertiary education' (custom destination),pct_access_walk_denue_tertiary_education_1500m,percent,percentage,"grid, custom: agebs, custom: manzanas, custom: condesa_lotes, custom: condesa_fraccionamientos, custom: region_mexicali, custom: region_condesa"
Indicator estimates: access (walking),Percentage of population with walking access within 1500 m to 'denue primary healthcare' (custom destination),pct_access_walk_denue_primary_healthcare_1500m,percent,percentage,"grid, custom: agebs, custom: manzanas, custom: condesa_lotes, custom: condesa_fraccionamientos, custom: region_mexicali, custom: region_condesa"
Indicator estimates: access (walking),Percentage of population with walking access within 1500 m to 'denue medical clinic' (custom destination),pct_access_walk_denue_medical_clinic_1500m,percent,percentage,"grid, custom: agebs, custom: manzanas, custom: condesa_lotes, custom: condesa_fraccionamientos, custom: region_mexicali, custom: region_condesa"
Indicator estimates: access (walking),Percentage of population with walking access within 1500 m to 'denue hospital' (custom destination),pct_access_walk_denue_hospital_1500m,percent,percentage,"grid, custom: agebs, custom: manzanas, custom: condesa_lotes, custom: condesa_fraccionamientos, custom: region_mexicali, custom: region_condesa"
Indicator estimates: access (walking),Percentage of population with walking access within 1500 m to 'denue care support' (custom destination),pct_access_walk_denue_care_support_1500m,percent,percentage,"grid, custom: agebs, custom: manzanas, custom: condesa_lotes, custom: condesa_fraccionamientos, custom: region_mexicali, custom: region_condesa"
Indicator estimates: access (walking),Percentage of population with walking access within 1500 m to 'denue childcare' (custom destination),pct_access_walk_denue_childcare_1500m,percent,percentage,"grid, custom: agebs, custom: manzanas, custom: condesa_lotes, custom: condesa_fraccionamientos, custom: region_mexicali, custom: region_condesa"
Indicator estimates: access (walking),Percentage of population with walking access within 1500 m to 'denue community' (custom destination),pct_access_walk_denue_community_1500m,percent,percentage,"grid, custom: agebs, custom: manzanas, custom: condesa_lotes, custom: condesa_fraccionamientos, custom: region_mexicali, custom: region_condesa"
Indicator estimates: access (walking),Percentage of population with walking access within 1500 m to 'denue culture' (custom destination),pct_access_walk_denue_culture_1500m,percent,percentage,"grid, custom: agebs, custom: manzanas, custom: condesa_lotes, custom: condesa_fraccionamientos, custom: region_mexicali, custom: region_condesa"
Indicator estimates: access (walking),Percentage of population with walking access within 1500 m to 'denue sport' (custom destination),pct_access_walk_denue_sport_1500m,percent,percentage,"grid, custom: agebs, custom: manzanas, custom: condesa_lotes, custom: condesa_fraccionamientos, custom: region_mexicali, custom: region_condesa"
Indicator estimates: access (walking),Percentage of population with walking access within 1500 m to 'denue recreation' (custom destination),pct_access_walk_denue_recreation_1500m,percent,percentage,"grid, custom: agebs, custom: manzanas, custom: condesa_lotes, custom: condesa_fraccionamientos, custom: region_mexicali, custom: region_condesa"
Indicator estimates: access (walking),Percentage of population with walking access within 1500 m to 'denue employment any' (custom destination),pct_access_walk_denue_employment_any_1500m,percent,percentage,"grid, custom: agebs, custom: manzanas, custom: condesa_lotes, custom: condesa_fraccionamientos, custom: region_mexicali, custom: region_condesa"
Indicator estimates: access (walking),Percentage of population with walking access within 1500 m to 'denue employer medium' (custom destination),pct_access_walk_denue_employer_medium_1500m,percent,percentage,"grid, custom: agebs, custom: manzanas, custom: condesa_lotes, custom: condesa_fraccionamientos, custom: region_mexicali, custom: region_condesa"
Indicator estimates: access (walking),Percentage of population with walking access within 1500 m to 'denue manufacturing' (custom destination),pct_access_walk_denue_manufacturing_1500m,percent,percentage,"grid, custom: agebs, custom: manzanas, custom: condesa_lotes, custom: condesa_fraccionamientos, custom: region_mexicali, custom: region_condesa"
Indicator estimates: access (walking),Percentage of population with walking access within 1500 m to an activity centre of the 'essentials' definition ('local' tier): a network location whose walkable catchment contains at least one destination of each required category,pct_access_walk_activity_centre_essentials_local_1500m,percent,percentage,"grid, custom: agebs, custom: manzanas, custom: condesa_lotes, custom: condesa_fraccionamientos, custom: region_mexicali, custom: region_condesa"
Indicator estimates: access (walking),Percentage of population with walking access within 1500 m to an activity centre of the 'essentials' definition ('complete' tier): a network location whose walkable catchment contains at least one destination of each required category,pct_access_walk_activity_centre_essentials_complete_1500m,percent,percentage,"grid, custom: agebs, custom: manzanas, custom: condesa_lotes, custom: condesa_fraccionamientos, custom: region_mexicali, custom: region_condesa"
Indicator estimates: access (walking),Percentage of population with walking access within 1500 m to an activity centre of the 'health' definition ('all' tier): a network location whose walkable catchment contains at least one destination of each required category,pct_access_walk_activity_centre_health_all_1500m,percent,percentage,"grid, custom: agebs, custom: manzanas, custom: condesa_lotes, custom: condesa_fraccionamientos, custom: region_mexicali, custom: region_condesa"
Indicator estimates: access (walking),Percentage of population with walking access within 1500 m to an activity centre of the 'civic' definition ('all' tier): a network location whose walkable catchment contains at least one destination of each required category,pct_access_walk_activity_centre_civic_all_1500m,percent,percentage,"grid, custom: agebs, custom: manzanas, custom: condesa_lotes, custom: condesa_fraccionamientos, custom: region_mexicali, custom: region_condesa"
Indicator estimates: access (walking),Percentage of population with walking access within 1500 m to an activity centre of the 'jobs' definition ('local' tier): a network location whose walkable catchment contains at least one destination of each required category,pct_access_walk_activity_centre_jobs_local_1500m,percent,percentage,"grid, custom: agebs, custom: manzanas, custom: condesa_lotes, custom: condesa_fraccionamientos, custom: region_mexicali, custom: region_condesa"
Indicator estimates: access (walking),Percentage of population with walking access within 1500 m to an activity centre of the 'jobs' definition ('complete' tier): a network location whose walkable catchment contains at least one destination of each required category,pct_access_walk_activity_centre_jobs_complete_1500m,percent,percentage,"grid, custom: agebs, custom: manzanas, custom: condesa_lotes, custom: condesa_fraccionamientos, custom: region_mexicali, custom: region_condesa"
Indicator estimates: access (walking),Percentage of population with walking access within 1500 m to an activity centre of the 'services' definition ('local' tier): a network location whose walkable catchment contains at least one destination of each required category,pct_access_walk_activity_centre_services_local_1500m,percent,percentage,"grid, custom: agebs, custom: manzanas, custom: condesa_lotes, custom: condesa_fraccionamientos, custom: region_mexicali, custom: region_condesa"
Indicator estimates: access (walking),Percentage of population with walking access within 1500 m to an activity centre of the 'services' definition ('complete' tier): a network location whose walkable catchment contains at least one destination of each required category,pct_access_walk_activity_centre_services_complete_1500m,percent,percentage,"grid, custom: agebs, custom: manzanas, custom: condesa_lotes, custom: condesa_fraccionamientos, custom: region_mexicali, custom: region_condesa"
Indicator estimates: access (walking),"Percentage of population with walking access within 500 m to all core destination categories at their strict variant (fresh food market, large public open space, frequent public transport)",pct_access_walk_all_strict_500m,percent,percentage,"grid, custom: agebs, custom: manzanas, custom: condesa_lotes, custom: condesa_fraccionamientos, custom: region_mexicali, custom: region_condesa"
Indicator estimates: access (walking),"Percentage of population with walking access within 1000 m to all core destination categories at their strict variant (fresh food market, large public open space, frequent public transport)",pct_access_walk_all_strict_1000m,percent,percentage,"grid, custom: agebs, custom: manzanas, custom: condesa_lotes, custom: condesa_fraccionamientos, custom: region_mexicali, custom: region_condesa"
Indicator estimates: access (walking),"Percentage of population with walking access within 1500 m to all core destination categories at their strict variant (fresh food market, large public open space, frequent public transport)",pct_access_walk_all_strict_1500m,percent,percentage,"grid, custom: agebs, custom: manzanas, custom: condesa_lotes, custom: condesa_fraccionamientos, custom: region_mexicali, custom: region_condesa"
Indicator estimates: access (walking),"Percentage of population with walking access within 500 m to all core destination categories at their lenient variant (pooled fresh food, any public open space, any public transport)",pct_access_walk_all_lenient_500m,percent,percentage,"grid, custom: agebs, custom: manzanas, custom: condesa_lotes, custom: condesa_fraccionamientos, custom: region_mexicali, custom: region_condesa"
Indicator estimates: access (walking),"Percentage of population with walking access within 1000 m to all core destination categories at their lenient variant (pooled fresh food, any public open space, any public transport)",pct_access_walk_all_lenient_1000m,percent,percentage,"grid, custom: agebs, custom: manzanas, custom: condesa_lotes, custom: condesa_fraccionamientos, custom: region_mexicali, custom: region_condesa"
Indicator estimates: access (walking),"Percentage of population with walking access within 1500 m to all core destination categories at their lenient variant (pooled fresh food, any public open space, any public transport)",pct_access_walk_all_lenient_1500m,percent,percentage,"grid, custom: agebs, custom: manzanas, custom: condesa_lotes, custom: condesa_fraccionamientos, custom: region_mexicali, custom: region_condesa"
Indicator estimates: access (walking),Percentage of population with walking access within 500 m to all destination categories of the 'essentials' combined-access set (strict variants),pct_access_walk_all_essentials_strict_500m,percent,percentage,"grid, custom: agebs, custom: manzanas, custom: condesa_lotes, custom: condesa_fraccionamientos, custom: region_mexicali, custom: region_condesa"
Indicator estimates: access (walking),Percentage of population with walking access within 1000 m to all destination categories of the 'essentials' combined-access set (strict variants),pct_access_walk_all_essentials_strict_1000m,percent,percentage,"grid, custom: agebs, custom: manzanas, custom: condesa_lotes, custom: condesa_fraccionamientos, custom: region_mexicali, custom: region_condesa"
Indicator estimates: access (walking),Percentage of population with walking access within 1500 m to all destination categories of the 'essentials' combined-access set (strict variants),pct_access_walk_all_essentials_strict_1500m,percent,percentage,"grid, custom: agebs, custom: manzanas, custom: condesa_lotes, custom: condesa_fraccionamientos, custom: region_mexicali, custom: region_condesa"
Indicator estimates: access (walking),Percentage of population with walking access within 500 m to all destination categories of the 'essentials' combined-access set (lenient variants),pct_access_walk_all_essentials_lenient_500m,percent,percentage,"grid, custom: agebs, custom: manzanas, custom: condesa_lotes, custom: condesa_fraccionamientos, custom: region_mexicali, custom: region_condesa"
Indicator estimates: access (walking),Percentage of population with walking access within 1000 m to all destination categories of the 'essentials' combined-access set (lenient variants),pct_access_walk_all_essentials_lenient_1000m,percent,percentage,"grid, custom: agebs, custom: manzanas, custom: condesa_lotes, custom: condesa_fraccionamientos, custom: region_mexicali, custom: region_condesa"
Indicator estimates: access (walking),Percentage of population with walking access within 1500 m to all destination categories of the 'essentials' combined-access set (lenient variants),pct_access_walk_all_essentials_lenient_1500m,percent,percentage,"grid, custom: agebs, custom: manzanas, custom: condesa_lotes, custom: condesa_fraccionamientos, custom: region_mexicali, custom: region_condesa"
Indicator estimates: access (walking),Percentage of population with walking access within 500 m to all destination categories of the 'services' combined-access set (strict variants),pct_access_walk_all_services_strict_500m,percent,percentage,"grid, custom: agebs, custom: manzanas, custom: condesa_lotes, custom: condesa_fraccionamientos, custom: region_mexicali, custom: region_condesa"
Indicator estimates: access (walking),Percentage of population with walking access within 1000 m to all destination categories of the 'services' combined-access set (strict variants),pct_access_walk_all_services_strict_1000m,percent,percentage,"grid, custom: agebs, custom: manzanas, custom: condesa_lotes, custom: condesa_fraccionamientos, custom: region_mexicali, custom: region_condesa"
Indicator estimates: access (walking),Percentage of population with walking access within 1500 m to all destination categories of the 'services' combined-access set (strict variants),pct_access_walk_all_services_strict_1500m,percent,percentage,"grid, custom: agebs, custom: manzanas, custom: condesa_lotes, custom: condesa_fraccionamientos, custom: region_mexicali, custom: region_condesa"
Indicator estimates: access (walking),Percentage of population with walking access within 500 m to all destination categories of the 'services' combined-access set (lenient variants),pct_access_walk_all_services_lenient_500m,percent,percentage,"grid, custom: agebs, custom: manzanas, custom: condesa_lotes, custom: condesa_fraccionamientos, custom: region_mexicali, custom: region_condesa"
Indicator estimates: access (walking),Percentage of population with walking access within 1000 m to all destination categories of the 'services' combined-access set (lenient variants),pct_access_walk_all_services_lenient_1000m,percent,percentage,"grid, custom: agebs, custom: manzanas, custom: condesa_lotes, custom: condesa_fraccionamientos, custom: region_mexicali, custom: region_condesa"
Indicator estimates: access (walking),Percentage of population with walking access within 1500 m to all destination categories of the 'services' combined-access set (lenient variants),pct_access_walk_all_services_lenient_1500m,percent,percentage,"grid, custom: agebs, custom: manzanas, custom: condesa_lotes, custom: condesa_fraccionamientos, custom: region_mexicali, custom: region_condesa"
Indicator estimates: access (walking),"Average diversity (0-1) of the 'fresh food' destination sub-types reachable within 500 m along the pedestrian network: the Shannon entropy of the counts of each sub-type, normalised by the number of sub-types defined, so that 1 is an even spread across all of them and 0 is one sub-type only, or nothing reachable at all",avg_diversity_walk_fresh_food_500m,index 0-1,mean,"grid, custom: agebs, custom: manzanas, custom: condesa_lotes, custom: condesa_fraccionamientos, custom: region_mexicali, custom: region_condesa"
Indicator estimates: access (walking),Average share (0-1) of the 'fresh food' destination sub-types with at least one destination reachable within 500 m along the pedestrian network,avg_richness_walk_fresh_food_500m,index 0-1,mean,"grid, custom: agebs, custom: manzanas, custom: condesa_lotes, custom: condesa_fraccionamientos, custom: region_mexicali, custom: region_condesa"
Indicator estimates: access (walking),"Average diversity (0-1) of the 'fresh food' destination sub-types reachable within 1000 m along the pedestrian network: the Shannon entropy of the counts of each sub-type, normalised by the number of sub-types defined, so that 1 is an even spread across all of them and 0 is one sub-type only, or nothing reachable at all",avg_diversity_walk_fresh_food_1000m,index 0-1,mean,"grid, custom: agebs, custom: manzanas, custom: condesa_lotes, custom: condesa_fraccionamientos, custom: region_mexicali, custom: region_condesa"
Indicator estimates: access (walking),Average share (0-1) of the 'fresh food' destination sub-types with at least one destination reachable within 1000 m along the pedestrian network,avg_richness_walk_fresh_food_1000m,index 0-1,mean,"grid, custom: agebs, custom: manzanas, custom: condesa_lotes, custom: condesa_fraccionamientos, custom: region_mexicali, custom: region_condesa"
Indicator estimates: access (walking),"Average diversity (0-1) of the 'education' destination sub-types reachable within 500 m along the pedestrian network: the Shannon entropy of the counts of each sub-type, normalised by the number of sub-types defined, so that 1 is an even spread across all of them and 0 is one sub-type only, or nothing reachable at all",avg_diversity_walk_education_500m,index 0-1,mean,"grid, custom: agebs, custom: manzanas, custom: condesa_lotes, custom: condesa_fraccionamientos, custom: region_mexicali, custom: region_condesa"
Indicator estimates: access (walking),Average share (0-1) of the 'education' destination sub-types with at least one destination reachable within 500 m along the pedestrian network,avg_richness_walk_education_500m,index 0-1,mean,"grid, custom: agebs, custom: manzanas, custom: condesa_lotes, custom: condesa_fraccionamientos, custom: region_mexicali, custom: region_condesa"
Indicator estimates: access (walking),"Average diversity (0-1) of the 'education' destination sub-types reachable within 1000 m along the pedestrian network: the Shannon entropy of the counts of each sub-type, normalised by the number of sub-types defined, so that 1 is an even spread across all of them and 0 is one sub-type only, or nothing reachable at all",avg_diversity_walk_education_1000m,index 0-1,mean,"grid, custom: agebs, custom: manzanas, custom: condesa_lotes, custom: condesa_fraccionamientos, custom: region_mexicali, custom: region_condesa"
Indicator estimates: access (walking),Average share (0-1) of the 'education' destination sub-types with at least one destination reachable within 1000 m along the pedestrian network,avg_richness_walk_education_1000m,index 0-1,mean,"grid, custom: agebs, custom: manzanas, custom: condesa_lotes, custom: condesa_fraccionamientos, custom: region_mexicali, custom: region_condesa"
Indicator estimates: access (walking),"Average diversity (0-1) of the 'health care' destination sub-types reachable within 500 m along the pedestrian network: the Shannon entropy of the counts of each sub-type, normalised by the number of sub-types defined, so that 1 is an even spread across all of them and 0 is one sub-type only, or nothing reachable at all",avg_diversity_walk_health_care_500m,index 0-1,mean,"grid, custom: agebs, custom: manzanas, custom: condesa_lotes, custom: condesa_fraccionamientos, custom: region_mexicali, custom: region_condesa"
Indicator estimates: access (walking),Average share (0-1) of the 'health care' destination sub-types with at least one destination reachable within 500 m along the pedestrian network,avg_richness_walk_health_care_500m,index 0-1,mean,"grid, custom: agebs, custom: manzanas, custom: condesa_lotes, custom: condesa_fraccionamientos, custom: region_mexicali, custom: region_condesa"
Indicator estimates: access (walking),"Average diversity (0-1) of the 'health care' destination sub-types reachable within 1000 m along the pedestrian network: the Shannon entropy of the counts of each sub-type, normalised by the number of sub-types defined, so that 1 is an even spread across all of them and 0 is one sub-type only, or nothing reachable at all",avg_diversity_walk_health_care_1000m,index 0-1,mean,"grid, custom: agebs, custom: manzanas, custom: condesa_lotes, custom: condesa_fraccionamientos, custom: region_mexicali, custom: region_condesa"
Indicator estimates: access (walking),Average share (0-1) of the 'health care' destination sub-types with at least one destination reachable within 1000 m along the pedestrian network,avg_richness_walk_health_care_1000m,index 0-1,mean,"grid, custom: agebs, custom: manzanas, custom: condesa_lotes, custom: condesa_fraccionamientos, custom: region_mexicali, custom: region_condesa"
Indicator estimates: access (walking),"Average diversity (0-1) of the 'community culture recreation' destination sub-types reachable within 500 m along the pedestrian network: the Shannon entropy of the counts of each sub-type, normalised by the number of sub-types defined, so that 1 is an even spread across all of them and 0 is one sub-type only, or nothing reachable at all",avg_diversity_walk_community_culture_recreation_500m,index 0-1,mean,"grid, custom: agebs, custom: manzanas, custom: condesa_lotes, custom: condesa_fraccionamientos, custom: region_mexicali, custom: region_condesa"
Indicator estimates: access (walking),Average share (0-1) of the 'community culture recreation' destination sub-types with at least one destination reachable within 500 m along the pedestrian network,avg_richness_walk_community_culture_recreation_500m,index 0-1,mean,"grid, custom: agebs, custom: manzanas, custom: condesa_lotes, custom: condesa_fraccionamientos, custom: region_mexicali, custom: region_condesa"
Indicator estimates: access (walking),"Average diversity (0-1) of the 'community culture recreation' destination sub-types reachable within 1000 m along the pedestrian network: the Shannon entropy of the counts of each sub-type, normalised by the number of sub-types defined, so that 1 is an even spread across all of them and 0 is one sub-type only, or nothing reachable at all",avg_diversity_walk_community_culture_recreation_1000m,index 0-1,mean,"grid, custom: agebs, custom: manzanas, custom: condesa_lotes, custom: condesa_fraccionamientos, custom: region_mexicali, custom: region_condesa"
Indicator estimates: access (walking),Average share (0-1) of the 'community culture recreation' destination sub-types with at least one destination reachable within 1000 m along the pedestrian network,avg_richness_walk_community_culture_recreation_1000m,index 0-1,mean,"grid, custom: agebs, custom: manzanas, custom: condesa_lotes, custom: condesa_fraccionamientos, custom: region_mexicali, custom: region_condesa"
Indicator estimates: access (walking),Distance (m) along the pedestrian network to the nearest fresh food market / supermarket (source: OpenStreetMap or custom data),sp_nearest_node_fresh_food_market,metres,value,sample point
Indicator estimates: access (walking),Distance (m) along the pedestrian network to the nearest convenience store (source: OpenStreetMap or custom data),sp_nearest_node_convenience,metres,value,sample point
Indicator estimates: access (walking),Distance (m) along the pedestrian network to the nearest public transport stop (source: OpenStreetMap or custom data),sp_nearest_node_pt_osm_any,metres,value,sample point
Indicator estimates: access (walking),Distance (m) along the pedestrian network to the nearest public open space (source: OpenStreetMap),sp_nearest_node_public_open_space_any,metres,value,sample point
Indicator estimates: access (walking),Distance (m) along the pedestrian network to the nearest public open space larger than 1.5 hectares (source: OpenStreetMap),sp_nearest_node_public_open_space_large,metres,value,sample point
Indicator estimates: access (walking),"Distance (m) along the pedestrian network to the nearest large public green space of at least 1 hectare (source: OpenStreetMap, Google Earth Engine)",sp_nearest_node_large_public_green_space,metres,value,sample point
Indicator estimates: access (walking),Distance (m) along the pedestrian network to the nearest public transport stop (source: GTFS),sp_nearest_node_pt_gtfs_any,metres,value,sample point
Indicator estimates: access (walking),Distance (m) along the pedestrian network to the nearest public transport stop with average daytime weekday service frequency of 30 minutes or better (source: GTFS),sp_nearest_node_pt_gtfs_freq_30,metres,value,sample point
Indicator estimates: access (walking),Distance (m) along the pedestrian network to the nearest public transport stop with average daytime weekday service frequency of 20 minutes or better (source: GTFS),sp_nearest_node_pt_gtfs_freq_20,metres,value,sample point
Indicator estimates: access (walking),Score (0-1) for access within the configured walking accessibility threshold distance (default 500 m) to a fresh food market / supermarket (source: OpenStreetMap or custom data),sp_access_fresh_food_market_score,score 0-1,value,sample point
Indicator estimates: access (walking),Score (0-1) for access within the configured walking accessibility threshold distance (default 500 m) to a convenience store (source: OpenStreetMap or custom data),sp_access_convenience_score,score 0-1,value,sample point
Indicator estimates: access (walking),Score (0-1) for access within the configured walking accessibility threshold distance (default 500 m) to any public transport stop (source: OpenStreetMap or custom data),sp_access_pt_osm_any_score,score 0-1,value,sample point
Indicator estimates: access (walking),Score (0-1) for access within the configured walking accessibility threshold distance (default 500 m) to any public open space (source: OpenStreetMap),sp_access_public_open_space_any_score,score 0-1,value,sample point
Indicator estimates: access (walking),Score (0-1) for access within the configured walking accessibility threshold distance (default 500 m) to a public open space larger than 1.5 hectares (source: OpenStreetMap),sp_access_public_open_space_large_score,score 0-1,value,sample point
Indicator estimates: access (walking),"Score (0-1) for access within the configured walking accessibility threshold distance (default 500 m) to a large public green space of at least 1 hectare (source: OpenStreetMap, Google Earth Engine)",sp_access_large_public_green_space_score,score 0-1,value,sample point
Indicator estimates: access (walking),Score (0-1) for access within the configured walking accessibility threshold distance (default 500 m) to any public transport stop (source: GTFS),sp_access_pt_gtfs_any_score,score 0-1,value,sample point
Indicator estimates: access (walking),Score (0-1) for access within the configured walking accessibility threshold distance (default 500 m) to a public transport stop with average daytime weekday service frequency of 30 minutes or better (source: GTFS),sp_access_pt_gtfs_freq_30_score,score 0-1,value,sample point
Indicator estimates: access (walking),Score (0-1) for access within the configured walking accessibility threshold distance (default 500 m) to a public transport stop with average daytime weekday service frequency of 20 minutes or better (source: GTFS),sp_access_pt_gtfs_freq_20_score,score 0-1,value,sample point
Indicator estimates: access (walking),Score (0-1) for access within the configured walking accessibility threshold distance (default 500 m) to any public transport stop (best result of GTFS and OpenStreetMap/custom sources),sp_access_pt_any_score,score 0-1,value,sample point
Indicator estimates: access (walking),Distance (m) along the pedestrian network to the nearest fresh food market / supermarket (source: OpenStreetMap or custom data),sp_walk_nearest_node_fresh_food_market,metres,value,sample point (walking)
Indicator estimates: access (walking),"Distance (m) along the pedestrian network to the nearest fresh food market, supermarket or convenience store (pooled fresh food destinations)",sp_walk_nearest_node_fresh_food_pooled,metres,value,sample point (walking)
Indicator estimates: access (walking),Distance (m) along the pedestrian network to the nearest public open space larger than 1.5 hectares (source: OpenStreetMap),sp_walk_nearest_node_public_open_space_large,metres,value,sample point (walking)
Indicator estimates: access (walking),Distance (m) along the pedestrian network to the nearest public open space (source: OpenStreetMap),sp_walk_nearest_node_public_open_space_any,metres,value,sample point (walking)
Indicator estimates: access (walking),"Distance (m) along the pedestrian network to the nearest natural blue space -- a river, canal, drain, lake, reservoir, wetland, beach or coast (source: OpenStreetMap or custom data)",sp_walk_nearest_node_blue_space,metres,value,sample point (walking)
Indicator estimates: access (walking),"Distance (m) along the pedestrian network to the nearest public open space containing water, such as a park with a lake (source: OpenStreetMap)",sp_walk_nearest_node_public_open_space_with_water,metres,value,sample point (walking)
Indicator estimates: access (walking),Distance (m) along the pedestrian network to the nearest public transport stop (best result of GTFS and OpenStreetMap/custom sources),sp_walk_nearest_node_pt_any,metres,value,sample point (walking)
Indicator estimates: access (walking),Distance (m) along the pedestrian network to the nearest 'denue fresh food' (custom destination),sp_walk_nearest_node_denue_fresh_food,metres,value,sample point (walking)
Indicator estimates: access (walking),Distance (m) along the pedestrian network to the nearest 'denue food retail' (custom destination),sp_walk_nearest_node_denue_food_retail,metres,value,sample point (walking)
Indicator estimates: access (walking),Distance (m) along the pedestrian network to the nearest 'denue bakery tortilleria' (custom destination),sp_walk_nearest_node_denue_bakery_tortilleria,metres,value,sample point (walking)
Indicator estimates: access (walking),Distance (m) along the pedestrian network to the nearest 'denue household goods' (custom destination),sp_walk_nearest_node_denue_household_goods,metres,value,sample point (walking)
Indicator estimates: access (walking),Distance (m) along the pedestrian network to the nearest 'denue pharmacy' (custom destination),sp_walk_nearest_node_denue_pharmacy,metres,value,sample point (walking)
Indicator estimates: access (walking),Distance (m) along the pedestrian network to the nearest 'denue finance comms' (custom destination),sp_walk_nearest_node_denue_finance_comms,metres,value,sample point (walking)
Indicator estimates: access (walking),Distance (m) along the pedestrian network to the nearest 'denue preschool' (custom destination),sp_walk_nearest_node_denue_preschool,metres,value,sample point (walking)
Indicator estimates: access (walking),Distance (m) along the pedestrian network to the nearest 'denue primary school' (custom destination),sp_walk_nearest_node_denue_primary_school,metres,value,sample point (walking)
Indicator estimates: access (walking),Distance (m) along the pedestrian network to the nearest 'denue secondary school' (custom destination),sp_walk_nearest_node_denue_secondary_school,metres,value,sample point (walking)
Indicator estimates: access (walking),Distance (m) along the pedestrian network to the nearest 'denue tertiary education' (custom destination),sp_walk_nearest_node_denue_tertiary_education,metres,value,sample point (walking)
Indicator estimates: access (walking),Distance (m) along the pedestrian network to the nearest 'denue primary healthcare' (custom destination),sp_walk_nearest_node_denue_primary_healthcare,metres,value,sample point (walking)
Indicator estimates: access (walking),Distance (m) along the pedestrian network to the nearest 'denue medical clinic' (custom destination),sp_walk_nearest_node_denue_medical_clinic,metres,value,sample point (walking)
Indicator estimates: access (walking),Distance (m) along the pedestrian network to the nearest 'denue hospital' (custom destination),sp_walk_nearest_node_denue_hospital,metres,value,sample point (walking)
Indicator estimates: access (walking),Distance (m) along the pedestrian network to the nearest 'denue care support' (custom destination),sp_walk_nearest_node_denue_care_support,metres,value,sample point (walking)
Indicator estimates: access (walking),Distance (m) along the pedestrian network to the nearest 'denue childcare' (custom destination),sp_walk_nearest_node_denue_childcare,metres,value,sample point (walking)
Indicator estimates: access (walking),Distance (m) along the pedestrian network to the nearest 'denue community' (custom destination),sp_walk_nearest_node_denue_community,metres,value,sample point (walking)
Indicator estimates: access (walking),Distance (m) along the pedestrian network to the nearest 'denue culture' (custom destination),sp_walk_nearest_node_denue_culture,metres,value,sample point (walking)
Indicator estimates: access (walking),Distance (m) along the pedestrian network to the nearest 'denue sport' (custom destination),sp_walk_nearest_node_denue_sport,metres,value,sample point (walking)
Indicator estimates: access (walking),Distance (m) along the pedestrian network to the nearest 'denue recreation' (custom destination),sp_walk_nearest_node_denue_recreation,metres,value,sample point (walking)
Indicator estimates: access (walking),Distance (m) along the pedestrian network to the nearest 'denue employment any' (custom destination),sp_walk_nearest_node_denue_employment_any,metres,value,sample point (walking)
Indicator estimates: access (walking),Distance (m) along the pedestrian network to the nearest 'denue employer medium' (custom destination),sp_walk_nearest_node_denue_employer_medium,metres,value,sample point (walking)
Indicator estimates: access (walking),Distance (m) along the pedestrian network to the nearest 'denue manufacturing' (custom destination),sp_walk_nearest_node_denue_manufacturing,metres,value,sample point (walking)
Indicator estimates: access (walking),Distance (m) along the pedestrian network to the nearest 'denue petrol station' (custom destination),sp_walk_nearest_node_denue_petrol_station,metres,value,sample point (walking)
Indicator estimates: access (walking),Distance (m) along the pedestrian network to the nearest activity centre of the 'essentials' definition ('local' tier): a network location whose walkable catchment contains at least one destination of each required category,sp_walk_nearest_node_activity_centre_essentials_local,metres,value,sample point (walking)
Indicator estimates: access (walking),Distance (m) along the pedestrian network to the nearest activity centre of the 'essentials' definition ('complete' tier): a network location whose walkable catchment contains at least one destination of each required category,sp_walk_nearest_node_activity_centre_essentials_complete,metres,value,sample point (walking)
Indicator estimates: access (walking),Distance (m) along the pedestrian network to the nearest activity centre of the 'health' definition ('all' tier): a network location whose walkable catchment contains at least one destination of each required category,sp_walk_nearest_node_activity_centre_health_all,metres,value,sample point (walking)
Indicator estimates: access (walking),Distance (m) along the pedestrian network to the nearest activity centre of the 'civic' definition ('all' tier): a network location whose walkable catchment contains at least one destination of each required category,sp_walk_nearest_node_activity_centre_civic_all,metres,value,sample point (walking)
Indicator estimates: access (walking),Distance (m) along the pedestrian network to the nearest activity centre of the 'jobs' definition ('local' tier): a network location whose walkable catchment contains at least one destination of each required category,sp_walk_nearest_node_activity_centre_jobs_local,metres,value,sample point (walking)
Indicator estimates: access (walking),Distance (m) along the pedestrian network to the nearest activity centre of the 'jobs' definition ('complete' tier): a network location whose walkable catchment contains at least one destination of each required category,sp_walk_nearest_node_activity_centre_jobs_complete,metres,value,sample point (walking)
Indicator estimates: access (walking),Distance (m) along the pedestrian network to the nearest activity centre of the 'services' definition ('local' tier): a network location whose walkable catchment contains at least one destination of each required category,sp_walk_nearest_node_activity_centre_services_local,metres,value,sample point (walking)
Indicator estimates: access (walking),Distance (m) along the pedestrian network to the nearest activity centre of the 'services' definition ('complete' tier): a network location whose walkable catchment contains at least one destination of each required category,sp_walk_nearest_node_activity_centre_services_complete,metres,value,sample point (walking)
Indicator estimates: access (walking),"Number of 'meat' destinations, a sub-type of 'fresh food', reachable within 500 m along the pedestrian network",sp_walk_count_fresh_food__meat_500m,count,value,sample point (walking)
Indicator estimates: access (walking),"Number of 'meat' destinations, a sub-type of 'fresh food', reachable within 1000 m along the pedestrian network",sp_walk_count_fresh_food__meat_1000m,count,value,sample point (walking)
Indicator estimates: access (walking),"Number of 'produce' destinations, a sub-type of 'fresh food', reachable within 500 m along the pedestrian network",sp_walk_count_fresh_food__produce_500m,count,value,sample point (walking)
Indicator estimates: access (walking),"Number of 'produce' destinations, a sub-type of 'fresh food', reachable within 1000 m along the pedestrian network",sp_walk_count_fresh_food__produce_1000m,count,value,sample point (walking)
Indicator estimates: access (walking),"Number of 'grains and spices' destinations, a sub-type of 'fresh food', reachable within 500 m along the pedestrian network",sp_walk_count_fresh_food__grains_and_spices_500m,count,value,sample point (walking)
Indicator estimates: access (walking),"Number of 'grains and spices' destinations, a sub-type of 'fresh food', reachable within 1000 m along the pedestrian network",sp_walk_count_fresh_food__grains_and_spices_1000m,count,value,sample point (walking)
Indicator estimates: access (walking),"Number of 'dairy' destinations, a sub-type of 'fresh food', reachable within 500 m along the pedestrian network",sp_walk_count_fresh_food__dairy_500m,count,value,sample point (walking)
Indicator estimates: access (walking),"Number of 'dairy' destinations, a sub-type of 'fresh food', reachable within 1000 m along the pedestrian network",sp_walk_count_fresh_food__dairy_1000m,count,value,sample point (walking)
Indicator estimates: access (walking),"Number of 'supermarket' destinations, a sub-type of 'fresh food', reachable within 500 m along the pedestrian network",sp_walk_count_fresh_food__supermarket_500m,count,value,sample point (walking)
Indicator estimates: access (walking),"Number of 'supermarket' destinations, a sub-type of 'fresh food', reachable within 1000 m along the pedestrian network",sp_walk_count_fresh_food__supermarket_1000m,count,value,sample point (walking)
Indicator estimates: access (walking),"Number of 'minisuper' destinations, a sub-type of 'fresh food', reachable within 500 m along the pedestrian network",sp_walk_count_fresh_food__minisuper_500m,count,value,sample point (walking)
Indicator estimates: access (walking),"Number of 'minisuper' destinations, a sub-type of 'fresh food', reachable within 1000 m along the pedestrian network",sp_walk_count_fresh_food__minisuper_1000m,count,value,sample point (walking)
Indicator estimates: access (walking),"Number of 'bakery tortilleria' destinations, a sub-type of 'fresh food', reachable within 500 m along the pedestrian network",sp_walk_count_fresh_food__bakery_tortilleria_500m,count,value,sample point (walking)
Indicator estimates: access (walking),"Number of 'bakery tortilleria' destinations, a sub-type of 'fresh food', reachable within 1000 m along the pedestrian network",sp_walk_count_fresh_food__bakery_tortilleria_1000m,count,value,sample point (walking)
Indicator estimates: access (walking),"Number of 'preschool' destinations, a sub-type of 'education', reachable within 500 m along the pedestrian network",sp_walk_count_education__preschool_500m,count,value,sample point (walking)
Indicator estimates: access (walking),"Number of 'preschool' destinations, a sub-type of 'education', reachable within 1000 m along the pedestrian network",sp_walk_count_education__preschool_1000m,count,value,sample point (walking)
Indicator estimates: access (walking),"Number of 'primary' destinations, a sub-type of 'education', reachable within 500 m along the pedestrian network",sp_walk_count_education__primary_500m,count,value,sample point (walking)
Indicator estimates: access (walking),"Number of 'primary' destinations, a sub-type of 'education', reachable within 1000 m along the pedestrian network",sp_walk_count_education__primary_1000m,count,value,sample point (walking)
Indicator estimates: access (walking),"Number of 'secondary' destinations, a sub-type of 'education', reachable within 500 m along the pedestrian network",sp_walk_count_education__secondary_500m,count,value,sample point (walking)
Indicator estimates: access (walking),"Number of 'secondary' destinations, a sub-type of 'education', reachable within 1000 m along the pedestrian network",sp_walk_count_education__secondary_1000m,count,value,sample point (walking)
Indicator estimates: access (walking),"Number of 'tertiary' destinations, a sub-type of 'education', reachable within 500 m along the pedestrian network",sp_walk_count_education__tertiary_500m,count,value,sample point (walking)
Indicator estimates: access (walking),"Number of 'tertiary' destinations, a sub-type of 'education', reachable within 1000 m along the pedestrian network",sp_walk_count_education__tertiary_1000m,count,value,sample point (walking)
Indicator estimates: access (walking),"Number of 'primary healthcare' destinations, a sub-type of 'health care', reachable within 500 m along the pedestrian network",sp_walk_count_health_care__primary_healthcare_500m,count,value,sample point (walking)
Indicator estimates: access (walking),"Number of 'primary healthcare' destinations, a sub-type of 'health care', reachable within 1000 m along the pedestrian network",sp_walk_count_health_care__primary_healthcare_1000m,count,value,sample point (walking)
Indicator estimates: access (walking),"Number of 'specialist clinic' destinations, a sub-type of 'health care', reachable within 500 m along the pedestrian network",sp_walk_count_health_care__specialist_clinic_500m,count,value,sample point (walking)
Indicator estimates: access (walking),"Number of 'specialist clinic' destinations, a sub-type of 'health care', reachable within 1000 m along the pedestrian network",sp_walk_count_health_care__specialist_clinic_1000m,count,value,sample point (walking)
Indicator estimates: access (walking),"Number of 'hospital' destinations, a sub-type of 'health care', reachable within 500 m along the pedestrian network",sp_walk_count_health_care__hospital_500m,count,value,sample point (walking)
Indicator estimates: access (walking),"Number of 'hospital' destinations, a sub-type of 'health care', reachable within 1000 m along the pedestrian network",sp_walk_count_health_care__hospital_1000m,count,value,sample point (walking)
Indicator estimates: access (walking),"Number of 'pharmacy' destinations, a sub-type of 'health care', reachable within 500 m along the pedestrian network",sp_walk_count_health_care__pharmacy_500m,count,value,sample point (walking)
Indicator estimates: access (walking),"Number of 'pharmacy' destinations, a sub-type of 'health care', reachable within 1000 m along the pedestrian network",sp_walk_count_health_care__pharmacy_1000m,count,value,sample point (walking)
Indicator estimates: access (walking),"Number of 'care support' destinations, a sub-type of 'health care', reachable within 500 m along the pedestrian network",sp_walk_count_health_care__care_support_500m,count,value,sample point (walking)
Indicator estimates: access (walking),"Number of 'care support' destinations, a sub-type of 'health care', reachable within 1000 m along the pedestrian network",sp_walk_count_health_care__care_support_1000m,count,value,sample point (walking)
Indicator estimates: access (walking),"Number of 'community' destinations, a sub-type of 'community culture recreation', reachable within 500 m along the pedestrian network",sp_walk_count_community_culture_recreation__community_500m,count,value,sample point (walking)
Indicator estimates: access (walking),"Number of 'community' destinations, a sub-type of 'community culture recreation', reachable within 1000 m along the pedestrian network",sp_walk_count_community_culture_recreation__community_1000m,count,value,sample point (walking)
Indicator estimates: access (walking),"Number of 'culture' destinations, a sub-type of 'community culture recreation', reachable within 500 m along the pedestrian network",sp_walk_count_community_culture_recreation__culture_500m,count,value,sample point (walking)
Indicator estimates: access (walking),"Number of 'culture' destinations, a sub-type of 'community culture recreation', reachable within 1000 m along the pedestrian network",sp_walk_count_community_culture_recreation__culture_1000m,count,value,sample point (walking)
Indicator estimates: access (walking),"Number of 'sport' destinations, a sub-type of 'community culture recreation', reachable within 500 m along the pedestrian network",sp_walk_count_community_culture_recreation__sport_500m,count,value,sample point (walking)
Indicator estimates: access (walking),"Number of 'sport' destinations, a sub-type of 'community culture recreation', reachable within 1000 m along the pedestrian network",sp_walk_count_community_culture_recreation__sport_1000m,count,value,sample point (walking)
Indicator estimates: access (walking),"Number of 'recreation' destinations, a sub-type of 'community culture recreation', reachable within 500 m along the pedestrian network",sp_walk_count_community_culture_recreation__recreation_500m,count,value,sample point (walking)
Indicator estimates: access (walking),"Number of 'recreation' destinations, a sub-type of 'community culture recreation', reachable within 1000 m along the pedestrian network",sp_walk_count_community_culture_recreation__recreation_1000m,count,value,sample point (walking)
Indicator estimates: access (walking),"Score (0/1): the nearest 'denue petrol station' (custom destination) is further than 250 m along the pedestrian network (or absent within the largest distance band); proximity to this destination is a disamenity, so higher is better",sp_walk_beyond_denue_petrol_station_250m,score 0-1,value,sample point (walking)
Indicator estimates: access (walking),Score (0/1): a fresh food market / supermarket (source: OpenStreetMap or custom data) is reachable within 500 m along the pedestrian network,sp_walk_access_fresh_food_market_500m,score 0-1,value,sample point (walking)
Indicator estimates: access (walking),"Score (0/1): a fresh food market, supermarket or convenience store (pooled fresh food destinations) is reachable within 500 m along the pedestrian network",sp_walk_access_fresh_food_pooled_500m,score 0-1,value,sample point (walking)
Indicator estimates: access (walking),Score (0/1): a public open space larger than 1.5 hectares (source: OpenStreetMap) is reachable within 500 m along the pedestrian network,sp_walk_access_public_open_space_large_500m,score 0-1,value,sample point (walking)
Indicator estimates: access (walking),Score (0/1): any public open space (source: OpenStreetMap) is reachable within 500 m along the pedestrian network,sp_walk_access_public_open_space_any_500m,score 0-1,value,sample point (walking)
Indicator estimates: access (walking),"Score (0/1): a natural blue space -- a river, canal, drain, lake, reservoir, wetland, beach or coast (source: OpenStreetMap or custom data) is reachable within 500 m along the pedestrian network",sp_walk_access_blue_space_500m,score 0-1,value,sample point (walking)
Indicator estimates: access (walking),"Score (0/1): a public open space containing water, such as a park with a lake (source: OpenStreetMap) is reachable within 500 m along the pedestrian network",sp_walk_access_public_open_space_with_water_500m,score 0-1,value,sample point (walking)
Indicator estimates: access (walking),Score (0/1): any public transport stop (best result of GTFS and OpenStreetMap/custom sources) is reachable within 500 m along the pedestrian network,sp_walk_access_pt_any_500m,score 0-1,value,sample point (walking)
Indicator estimates: access (walking),Score (0/1): 'denue fresh food' (custom destination) is reachable within 500 m along the pedestrian network,sp_walk_access_denue_fresh_food_500m,score 0-1,value,sample point (walking)
Indicator estimates: access (walking),Score (0/1): 'denue food retail' (custom destination) is reachable within 500 m along the pedestrian network,sp_walk_access_denue_food_retail_500m,score 0-1,value,sample point (walking)
Indicator estimates: access (walking),Score (0/1): 'denue bakery tortilleria' (custom destination) is reachable within 500 m along the pedestrian network,sp_walk_access_denue_bakery_tortilleria_500m,score 0-1,value,sample point (walking)
Indicator estimates: access (walking),Score (0/1): 'denue household goods' (custom destination) is reachable within 500 m along the pedestrian network,sp_walk_access_denue_household_goods_500m,score 0-1,value,sample point (walking)
Indicator estimates: access (walking),Score (0/1): 'denue pharmacy' (custom destination) is reachable within 500 m along the pedestrian network,sp_walk_access_denue_pharmacy_500m,score 0-1,value,sample point (walking)
Indicator estimates: access (walking),Score (0/1): 'denue finance comms' (custom destination) is reachable within 500 m along the pedestrian network,sp_walk_access_denue_finance_comms_500m,score 0-1,value,sample point (walking)
Indicator estimates: access (walking),Score (0/1): 'denue preschool' (custom destination) is reachable within 500 m along the pedestrian network,sp_walk_access_denue_preschool_500m,score 0-1,value,sample point (walking)
Indicator estimates: access (walking),Score (0/1): 'denue primary school' (custom destination) is reachable within 500 m along the pedestrian network,sp_walk_access_denue_primary_school_500m,score 0-1,value,sample point (walking)
Indicator estimates: access (walking),Score (0/1): 'denue secondary school' (custom destination) is reachable within 500 m along the pedestrian network,sp_walk_access_denue_secondary_school_500m,score 0-1,value,sample point (walking)
Indicator estimates: access (walking),Score (0/1): 'denue tertiary education' (custom destination) is reachable within 500 m along the pedestrian network,sp_walk_access_denue_tertiary_education_500m,score 0-1,value,sample point (walking)
Indicator estimates: access (walking),Score (0/1): 'denue primary healthcare' (custom destination) is reachable within 500 m along the pedestrian network,sp_walk_access_denue_primary_healthcare_500m,score 0-1,value,sample point (walking)
Indicator estimates: access (walking),Score (0/1): 'denue medical clinic' (custom destination) is reachable within 500 m along the pedestrian network,sp_walk_access_denue_medical_clinic_500m,score 0-1,value,sample point (walking)
Indicator estimates: access (walking),Score (0/1): 'denue hospital' (custom destination) is reachable within 500 m along the pedestrian network,sp_walk_access_denue_hospital_500m,score 0-1,value,sample point (walking)
Indicator estimates: access (walking),Score (0/1): 'denue care support' (custom destination) is reachable within 500 m along the pedestrian network,sp_walk_access_denue_care_support_500m,score 0-1,value,sample point (walking)
Indicator estimates: access (walking),Score (0/1): 'denue childcare' (custom destination) is reachable within 500 m along the pedestrian network,sp_walk_access_denue_childcare_500m,score 0-1,value,sample point (walking)
Indicator estimates: access (walking),Score (0/1): 'denue community' (custom destination) is reachable within 500 m along the pedestrian network,sp_walk_access_denue_community_500m,score 0-1,value,sample point (walking)
Indicator estimates: access (walking),Score (0/1): 'denue culture' (custom destination) is reachable within 500 m along the pedestrian network,sp_walk_access_denue_culture_500m,score 0-1,value,sample point (walking)
Indicator estimates: access (walking),Score (0/1): 'denue sport' (custom destination) is reachable within 500 m along the pedestrian network,sp_walk_access_denue_sport_500m,score 0-1,value,sample point (walking)
Indicator estimates: access (walking),Score (0/1): 'denue recreation' (custom destination) is reachable within 500 m along the pedestrian network,sp_walk_access_denue_recreation_500m,score 0-1,value,sample point (walking)
Indicator estimates: access (walking),Score (0/1): 'denue employment any' (custom destination) is reachable within 500 m along the pedestrian network,sp_walk_access_denue_employment_any_500m,score 0-1,value,sample point (walking)
Indicator estimates: access (walking),Score (0/1): 'denue employer medium' (custom destination) is reachable within 500 m along the pedestrian network,sp_walk_access_denue_employer_medium_500m,score 0-1,value,sample point (walking)
Indicator estimates: access (walking),Score (0/1): 'denue manufacturing' (custom destination) is reachable within 500 m along the pedestrian network,sp_walk_access_denue_manufacturing_500m,score 0-1,value,sample point (walking)
Indicator estimates: access (walking),Score (0/1): an activity centre of the 'essentials' definition ('local' tier): a network location whose walkable catchment contains at least one destination of each required category is reachable within 500 m along the pedestrian network,sp_walk_access_activity_centre_essentials_local_500m,score 0-1,value,sample point (walking)
Indicator estimates: access (walking),Score (0/1): an activity centre of the 'essentials' definition ('complete' tier): a network location whose walkable catchment contains at least one destination of each required category is reachable within 500 m along the pedestrian network,sp_walk_access_activity_centre_essentials_complete_500m,score 0-1,value,sample point (walking)
Indicator estimates: access (walking),Score (0/1): an activity centre of the 'health' definition ('all' tier): a network location whose walkable catchment contains at least one destination of each required category is reachable within 500 m along the pedestrian network,sp_walk_access_activity_centre_health_all_500m,score 0-1,value,sample point (walking)
Indicator estimates: access (walking),Score (0/1): an activity centre of the 'civic' definition ('all' tier): a network location whose walkable catchment contains at least one destination of each required category is reachable within 500 m along the pedestrian network,sp_walk_access_activity_centre_civic_all_500m,score 0-1,value,sample point (walking)
Indicator estimates: access (walking),Score (0/1): an activity centre of the 'jobs' definition ('local' tier): a network location whose walkable catchment contains at least one destination of each required category is reachable within 500 m along the pedestrian network,sp_walk_access_activity_centre_jobs_local_500m,score 0-1,value,sample point (walking)
Indicator estimates: access (walking),Score (0/1): an activity centre of the 'jobs' definition ('complete' tier): a network location whose walkable catchment contains at least one destination of each required category is reachable within 500 m along the pedestrian network,sp_walk_access_activity_centre_jobs_complete_500m,score 0-1,value,sample point (walking)
Indicator estimates: access (walking),Score (0/1): an activity centre of the 'services' definition ('local' tier): a network location whose walkable catchment contains at least one destination of each required category is reachable within 500 m along the pedestrian network,sp_walk_access_activity_centre_services_local_500m,score 0-1,value,sample point (walking)
Indicator estimates: access (walking),Score (0/1): an activity centre of the 'services' definition ('complete' tier): a network location whose walkable catchment contains at least one destination of each required category is reachable within 500 m along the pedestrian network,sp_walk_access_activity_centre_services_complete_500m,score 0-1,value,sample point (walking)
Indicator estimates: access (walking),Score (0/1): a fresh food market / supermarket (source: OpenStreetMap or custom data) is reachable within 1000 m along the pedestrian network,sp_walk_access_fresh_food_market_1000m,score 0-1,value,sample point (walking)
Indicator estimates: access (walking),"Score (0/1): a fresh food market, supermarket or convenience store (pooled fresh food destinations) is reachable within 1000 m along the pedestrian network",sp_walk_access_fresh_food_pooled_1000m,score 0-1,value,sample point (walking)
Indicator estimates: access (walking),Score (0/1): a public open space larger than 1.5 hectares (source: OpenStreetMap) is reachable within 1000 m along the pedestrian network,sp_walk_access_public_open_space_large_1000m,score 0-1,value,sample point (walking)
Indicator estimates: access (walking),Score (0/1): any public open space (source: OpenStreetMap) is reachable within 1000 m along the pedestrian network,sp_walk_access_public_open_space_any_1000m,score 0-1,value,sample point (walking)
Indicator estimates: access (walking),"Score (0/1): a natural blue space -- a river, canal, drain, lake, reservoir, wetland, beach or coast (source: OpenStreetMap or custom data) is reachable within 1000 m along the pedestrian network",sp_walk_access_blue_space_1000m,score 0-1,value,sample point (walking)
Indicator estimates: access (walking),"Score (0/1): a public open space containing water, such as a park with a lake (source: OpenStreetMap) is reachable within 1000 m along the pedestrian network",sp_walk_access_public_open_space_with_water_1000m,score 0-1,value,sample point (walking)
Indicator estimates: access (walking),Score (0/1): any public transport stop (best result of GTFS and OpenStreetMap/custom sources) is reachable within 1000 m along the pedestrian network,sp_walk_access_pt_any_1000m,score 0-1,value,sample point (walking)
Indicator estimates: access (walking),Score (0/1): 'denue fresh food' (custom destination) is reachable within 1000 m along the pedestrian network,sp_walk_access_denue_fresh_food_1000m,score 0-1,value,sample point (walking)
Indicator estimates: access (walking),Score (0/1): 'denue food retail' (custom destination) is reachable within 1000 m along the pedestrian network,sp_walk_access_denue_food_retail_1000m,score 0-1,value,sample point (walking)
Indicator estimates: access (walking),Score (0/1): 'denue bakery tortilleria' (custom destination) is reachable within 1000 m along the pedestrian network,sp_walk_access_denue_bakery_tortilleria_1000m,score 0-1,value,sample point (walking)
Indicator estimates: access (walking),Score (0/1): 'denue household goods' (custom destination) is reachable within 1000 m along the pedestrian network,sp_walk_access_denue_household_goods_1000m,score 0-1,value,sample point (walking)
Indicator estimates: access (walking),Score (0/1): 'denue pharmacy' (custom destination) is reachable within 1000 m along the pedestrian network,sp_walk_access_denue_pharmacy_1000m,score 0-1,value,sample point (walking)
Indicator estimates: access (walking),Score (0/1): 'denue finance comms' (custom destination) is reachable within 1000 m along the pedestrian network,sp_walk_access_denue_finance_comms_1000m,score 0-1,value,sample point (walking)
Indicator estimates: access (walking),Score (0/1): 'denue preschool' (custom destination) is reachable within 1000 m along the pedestrian network,sp_walk_access_denue_preschool_1000m,score 0-1,value,sample point (walking)
Indicator estimates: access (walking),Score (0/1): 'denue primary school' (custom destination) is reachable within 1000 m along the pedestrian network,sp_walk_access_denue_primary_school_1000m,score 0-1,value,sample point (walking)
Indicator estimates: access (walking),Score (0/1): 'denue secondary school' (custom destination) is reachable within 1000 m along the pedestrian network,sp_walk_access_denue_secondary_school_1000m,score 0-1,value,sample point (walking)
Indicator estimates: access (walking),Score (0/1): 'denue tertiary education' (custom destination) is reachable within 1000 m along the pedestrian network,sp_walk_access_denue_tertiary_education_1000m,score 0-1,value,sample point (walking)
Indicator estimates: access (walking),Score (0/1): 'denue primary healthcare' (custom destination) is reachable within 1000 m along the pedestrian network,sp_walk_access_denue_primary_healthcare_1000m,score 0-1,value,sample point (walking)
Indicator estimates: access (walking),Score (0/1): 'denue medical clinic' (custom destination) is reachable within 1000 m along the pedestrian network,sp_walk_access_denue_medical_clinic_1000m,score 0-1,value,sample point (walking)
Indicator estimates: access (walking),Score (0/1): 'denue hospital' (custom destination) is reachable within 1000 m along the pedestrian network,sp_walk_access_denue_hospital_1000m,score 0-1,value,sample point (walking)
Indicator estimates: access (walking),Score (0/1): 'denue care support' (custom destination) is reachable within 1000 m along the pedestrian network,sp_walk_access_denue_care_support_1000m,score 0-1,value,sample point (walking)
Indicator estimates: access (walking),Score (0/1): 'denue childcare' (custom destination) is reachable within 1000 m along the pedestrian network,sp_walk_access_denue_childcare_1000m,score 0-1,value,sample point (walking)
Indicator estimates: access (walking),Score (0/1): 'denue community' (custom destination) is reachable within 1000 m along the pedestrian network,sp_walk_access_denue_community_1000m,score 0-1,value,sample point (walking)
Indicator estimates: access (walking),Score (0/1): 'denue culture' (custom destination) is reachable within 1000 m along the pedestrian network,sp_walk_access_denue_culture_1000m,score 0-1,value,sample point (walking)
Indicator estimates: access (walking),Score (0/1): 'denue sport' (custom destination) is reachable within 1000 m along the pedestrian network,sp_walk_access_denue_sport_1000m,score 0-1,value,sample point (walking)
Indicator estimates: access (walking),Score (0/1): 'denue recreation' (custom destination) is reachable within 1000 m along the pedestrian network,sp_walk_access_denue_recreation_1000m,score 0-1,value,sample point (walking)
Indicator estimates: access (walking),Score (0/1): 'denue employment any' (custom destination) is reachable within 1000 m along the pedestrian network,sp_walk_access_denue_employment_any_1000m,score 0-1,value,sample point (walking)
Indicator estimates: access (walking),Score (0/1): 'denue employer medium' (custom destination) is reachable within 1000 m along the pedestrian network,sp_walk_access_denue_employer_medium_1000m,score 0-1,value,sample point (walking)
Indicator estimates: access (walking),Score (0/1): 'denue manufacturing' (custom destination) is reachable within 1000 m along the pedestrian network,sp_walk_access_denue_manufacturing_1000m,score 0-1,value,sample point (walking)
Indicator estimates: access (walking),Score (0/1): an activity centre of the 'essentials' definition ('local' tier): a network location whose walkable catchment contains at least one destination of each required category is reachable within 1000 m along the pedestrian network,sp_walk_access_activity_centre_essentials_local_1000m,score 0-1,value,sample point (walking)
Indicator estimates: access (walking),Score (0/1): an activity centre of the 'essentials' definition ('complete' tier): a network location whose walkable catchment contains at least one destination of each required category is reachable within 1000 m along the pedestrian network,sp_walk_access_activity_centre_essentials_complete_1000m,score 0-1,value,sample point (walking)
Indicator estimates: access (walking),Score (0/1): an activity centre of the 'health' definition ('all' tier): a network location whose walkable catchment contains at least one destination of each required category is reachable within 1000 m along the pedestrian network,sp_walk_access_activity_centre_health_all_1000m,score 0-1,value,sample point (walking)
Indicator estimates: access (walking),Score (0/1): an activity centre of the 'civic' definition ('all' tier): a network location whose walkable catchment contains at least one destination of each required category is reachable within 1000 m along the pedestrian network,sp_walk_access_activity_centre_civic_all_1000m,score 0-1,value,sample point (walking)
Indicator estimates: access (walking),Score (0/1): an activity centre of the 'jobs' definition ('local' tier): a network location whose walkable catchment contains at least one destination of each required category is reachable within 1000 m along the pedestrian network,sp_walk_access_activity_centre_jobs_local_1000m,score 0-1,value,sample point (walking)
Indicator estimates: access (walking),Score (0/1): an activity centre of the 'jobs' definition ('complete' tier): a network location whose walkable catchment contains at least one destination of each required category is reachable within 1000 m along the pedestrian network,sp_walk_access_activity_centre_jobs_complete_1000m,score 0-1,value,sample point (walking)
Indicator estimates: access (walking),Score (0/1): an activity centre of the 'services' definition ('local' tier): a network location whose walkable catchment contains at least one destination of each required category is reachable within 1000 m along the pedestrian network,sp_walk_access_activity_centre_services_local_1000m,score 0-1,value,sample point (walking)
Indicator estimates: access (walking),Score (0/1): an activity centre of the 'services' definition ('complete' tier): a network location whose walkable catchment contains at least one destination of each required category is reachable within 1000 m along the pedestrian network,sp_walk_access_activity_centre_services_complete_1000m,score 0-1,value,sample point (walking)
Indicator estimates: access (walking),Score (0/1): a fresh food market / supermarket (source: OpenStreetMap or custom data) is reachable within 1500 m along the pedestrian network,sp_walk_access_fresh_food_market_1500m,score 0-1,value,sample point (walking)
Indicator estimates: access (walking),"Score (0/1): a fresh food market, supermarket or convenience store (pooled fresh food destinations) is reachable within 1500 m along the pedestrian network",sp_walk_access_fresh_food_pooled_1500m,score 0-1,value,sample point (walking)
Indicator estimates: access (walking),Score (0/1): a public open space larger than 1.5 hectares (source: OpenStreetMap) is reachable within 1500 m along the pedestrian network,sp_walk_access_public_open_space_large_1500m,score 0-1,value,sample point (walking)
Indicator estimates: access (walking),Score (0/1): any public open space (source: OpenStreetMap) is reachable within 1500 m along the pedestrian network,sp_walk_access_public_open_space_any_1500m,score 0-1,value,sample point (walking)
Indicator estimates: access (walking),"Score (0/1): a natural blue space -- a river, canal, drain, lake, reservoir, wetland, beach or coast (source: OpenStreetMap or custom data) is reachable within 1500 m along the pedestrian network",sp_walk_access_blue_space_1500m,score 0-1,value,sample point (walking)
Indicator estimates: access (walking),"Score (0/1): a public open space containing water, such as a park with a lake (source: OpenStreetMap) is reachable within 1500 m along the pedestrian network",sp_walk_access_public_open_space_with_water_1500m,score 0-1,value,sample point (walking)
Indicator estimates: access (walking),Score (0/1): any public transport stop (best result of GTFS and OpenStreetMap/custom sources) is reachable within 1500 m along the pedestrian network,sp_walk_access_pt_any_1500m,score 0-1,value,sample point (walking)
Indicator estimates: access (walking),Score (0/1): 'denue fresh food' (custom destination) is reachable within 1500 m along the pedestrian network,sp_walk_access_denue_fresh_food_1500m,score 0-1,value,sample point (walking)
Indicator estimates: access (walking),Score (0/1): 'denue food retail' (custom destination) is reachable within 1500 m along the pedestrian network,sp_walk_access_denue_food_retail_1500m,score 0-1,value,sample point (walking)
Indicator estimates: access (walking),Score (0/1): 'denue bakery tortilleria' (custom destination) is reachable within 1500 m along the pedestrian network,sp_walk_access_denue_bakery_tortilleria_1500m,score 0-1,value,sample point (walking)
Indicator estimates: access (walking),Score (0/1): 'denue household goods' (custom destination) is reachable within 1500 m along the pedestrian network,sp_walk_access_denue_household_goods_1500m,score 0-1,value,sample point (walking)
Indicator estimates: access (walking),Score (0/1): 'denue pharmacy' (custom destination) is reachable within 1500 m along the pedestrian network,sp_walk_access_denue_pharmacy_1500m,score 0-1,value,sample point (walking)
Indicator estimates: access (walking),Score (0/1): 'denue finance comms' (custom destination) is reachable within 1500 m along the pedestrian network,sp_walk_access_denue_finance_comms_1500m,score 0-1,value,sample point (walking)
Indicator estimates: access (walking),Score (0/1): 'denue preschool' (custom destination) is reachable within 1500 m along the pedestrian network,sp_walk_access_denue_preschool_1500m,score 0-1,value,sample point (walking)
Indicator estimates: access (walking),Score (0/1): 'denue primary school' (custom destination) is reachable within 1500 m along the pedestrian network,sp_walk_access_denue_primary_school_1500m,score 0-1,value,sample point (walking)
Indicator estimates: access (walking),Score (0/1): 'denue secondary school' (custom destination) is reachable within 1500 m along the pedestrian network,sp_walk_access_denue_secondary_school_1500m,score 0-1,value,sample point (walking)
Indicator estimates: access (walking),Score (0/1): 'denue tertiary education' (custom destination) is reachable within 1500 m along the pedestrian network,sp_walk_access_denue_tertiary_education_1500m,score 0-1,value,sample point (walking)
Indicator estimates: access (walking),Score (0/1): 'denue primary healthcare' (custom destination) is reachable within 1500 m along the pedestrian network,sp_walk_access_denue_primary_healthcare_1500m,score 0-1,value,sample point (walking)
Indicator estimates: access (walking),Score (0/1): 'denue medical clinic' (custom destination) is reachable within 1500 m along the pedestrian network,sp_walk_access_denue_medical_clinic_1500m,score 0-1,value,sample point (walking)
Indicator estimates: access (walking),Score (0/1): 'denue hospital' (custom destination) is reachable within 1500 m along the pedestrian network,sp_walk_access_denue_hospital_1500m,score 0-1,value,sample point (walking)
Indicator estimates: access (walking),Score (0/1): 'denue care support' (custom destination) is reachable within 1500 m along the pedestrian network,sp_walk_access_denue_care_support_1500m,score 0-1,value,sample point (walking)
Indicator estimates: access (walking),Score (0/1): 'denue childcare' (custom destination) is reachable within 1500 m along the pedestrian network,sp_walk_access_denue_childcare_1500m,score 0-1,value,sample point (walking)
Indicator estimates: access (walking),Score (0/1): 'denue community' (custom destination) is reachable within 1500 m along the pedestrian network,sp_walk_access_denue_community_1500m,score 0-1,value,sample point (walking)
Indicator estimates: access (walking),Score (0/1): 'denue culture' (custom destination) is reachable within 1500 m along the pedestrian network,sp_walk_access_denue_culture_1500m,score 0-1,value,sample point (walking)
Indicator estimates: access (walking),Score (0/1): 'denue sport' (custom destination) is reachable within 1500 m along the pedestrian network,sp_walk_access_denue_sport_1500m,score 0-1,value,sample point (walking)
Indicator estimates: access (walking),Score (0/1): 'denue recreation' (custom destination) is reachable within 1500 m along the pedestrian network,sp_walk_access_denue_recreation_1500m,score 0-1,value,sample point (walking)
Indicator estimates: access (walking),Score (0/1): 'denue employment any' (custom destination) is reachable within 1500 m along the pedestrian network,sp_walk_access_denue_employment_any_1500m,score 0-1,value,sample point (walking)
Indicator estimates: access (walking),Score (0/1): 'denue employer medium' (custom destination) is reachable within 1500 m along the pedestrian network,sp_walk_access_denue_employer_medium_1500m,score 0-1,value,sample point (walking)
Indicator estimates: access (walking),Score (0/1): 'denue manufacturing' (custom destination) is reachable within 1500 m along the pedestrian network,sp_walk_access_denue_manufacturing_1500m,score 0-1,value,sample point (walking)
Indicator estimates: access (walking),Score (0/1): an activity centre of the 'essentials' definition ('local' tier): a network location whose walkable catchment contains at least one destination of each required category is reachable within 1500 m along the pedestrian network,sp_walk_access_activity_centre_essentials_local_1500m,score 0-1,value,sample point (walking)
Indicator estimates: access (walking),Score (0/1): an activity centre of the 'essentials' definition ('complete' tier): a network location whose walkable catchment contains at least one destination of each required category is reachable within 1500 m along the pedestrian network,sp_walk_access_activity_centre_essentials_complete_1500m,score 0-1,value,sample point (walking)
Indicator estimates: access (walking),Score (0/1): an activity centre of the 'health' definition ('all' tier): a network location whose walkable catchment contains at least one destination of each required category is reachable within 1500 m along the pedestrian network,sp_walk_access_activity_centre_health_all_1500m,score 0-1,value,sample point (walking)
Indicator estimates: access (walking),Score (0/1): an activity centre of the 'civic' definition ('all' tier): a network location whose walkable catchment contains at least one destination of each required category is reachable within 1500 m along the pedestrian network,sp_walk_access_activity_centre_civic_all_1500m,score 0-1,value,sample point (walking)
Indicator estimates: access (walking),Score (0/1): an activity centre of the 'jobs' definition ('local' tier): a network location whose walkable catchment contains at least one destination of each required category is reachable within 1500 m along the pedestrian network,sp_walk_access_activity_centre_jobs_local_1500m,score 0-1,value,sample point (walking)
Indicator estimates: access (walking),Score (0/1): an activity centre of the 'jobs' definition ('complete' tier): a network location whose walkable catchment contains at least one destination of each required category is reachable within 1500 m along the pedestrian network,sp_walk_access_activity_centre_jobs_complete_1500m,score 0-1,value,sample point (walking)
Indicator estimates: access (walking),Score (0/1): an activity centre of the 'services' definition ('local' tier): a network location whose walkable catchment contains at least one destination of each required category is reachable within 1500 m along the pedestrian network,sp_walk_access_activity_centre_services_local_1500m,score 0-1,value,sample point (walking)
Indicator estimates: access (walking),Score (0/1): an activity centre of the 'services' definition ('complete' tier): a network location whose walkable catchment contains at least one destination of each required category is reachable within 1500 m along the pedestrian network,sp_walk_access_activity_centre_services_complete_1500m,score 0-1,value,sample point (walking)
Indicator estimates: access (walking),"Score (0/1): all core destination categories at their strict variant (fresh food market, large public open space, frequent public transport) is reachable within 500 m along the pedestrian network",sp_walk_access_all_strict_500m,score 0-1,value,sample point (walking)
Indicator estimates: access (walking),"Score (0/1): all core destination categories at their strict variant (fresh food market, large public open space, frequent public transport) is reachable within 1000 m along the pedestrian network",sp_walk_access_all_strict_1000m,score 0-1,value,sample point (walking)
Indicator estimates: access (walking),"Score (0/1): all core destination categories at their strict variant (fresh food market, large public open space, frequent public transport) is reachable within 1500 m along the pedestrian network",sp_walk_access_all_strict_1500m,score 0-1,value,sample point (walking)
Indicator estimates: access (walking),"Score (0/1): all core destination categories at their lenient variant (pooled fresh food, any public open space, any public transport) is reachable within 500 m along the pedestrian network",sp_walk_access_all_lenient_500m,score 0-1,value,sample point (walking)
Indicator estimates: access (walking),"Score (0/1): all core destination categories at their lenient variant (pooled fresh food, any public open space, any public transport) is reachable within 1000 m along the pedestrian network",sp_walk_access_all_lenient_1000m,score 0-1,value,sample point (walking)
Indicator estimates: access (walking),"Score (0/1): all core destination categories at their lenient variant (pooled fresh food, any public open space, any public transport) is reachable within 1500 m along the pedestrian network",sp_walk_access_all_lenient_1500m,score 0-1,value,sample point (walking)
Indicator estimates: access (walking),Score (0/1): all destination categories of the 'essentials' combined-access set (strict variants) is reachable within 500 m along the pedestrian network,sp_walk_access_all_essentials_strict_500m,score 0-1,value,sample point (walking)
Indicator estimates: access (walking),Score (0/1): all destination categories of the 'essentials' combined-access set (strict variants) is reachable within 1000 m along the pedestrian network,sp_walk_access_all_essentials_strict_1000m,score 0-1,value,sample point (walking)
Indicator estimates: access (walking),Score (0/1): all destination categories of the 'essentials' combined-access set (strict variants) is reachable within 1500 m along the pedestrian network,sp_walk_access_all_essentials_strict_1500m,score 0-1,value,sample point (walking)
Indicator estimates: access (walking),Score (0/1): all destination categories of the 'essentials' combined-access set (lenient variants) is reachable within 500 m along the pedestrian network,sp_walk_access_all_essentials_lenient_500m,score 0-1,value,sample point (walking)
Indicator estimates: access (walking),Score (0/1): all destination categories of the 'essentials' combined-access set (lenient variants) is reachable within 1000 m along the pedestrian network,sp_walk_access_all_essentials_lenient_1000m,score 0-1,value,sample point (walking)
Indicator estimates: access (walking),Score (0/1): all destination categories of the 'essentials' combined-access set (lenient variants) is reachable within 1500 m along the pedestrian network,sp_walk_access_all_essentials_lenient_1500m,score 0-1,value,sample point (walking)
Indicator estimates: access (walking),Score (0/1): all destination categories of the 'services' combined-access set (strict variants) is reachable within 500 m along the pedestrian network,sp_walk_access_all_services_strict_500m,score 0-1,value,sample point (walking)
Indicator estimates: access (walking),Score (0/1): all destination categories of the 'services' combined-access set (strict variants) is reachable within 1000 m along the pedestrian network,sp_walk_access_all_services_strict_1000m,score 0-1,value,sample point (walking)
Indicator estimates: access (walking),Score (0/1): all destination categories of the 'services' combined-access set (strict variants) is reachable within 1500 m along the pedestrian network,sp_walk_access_all_services_strict_1500m,score 0-1,value,sample point (walking)
Indicator estimates: access (walking),Score (0/1): all destination categories of the 'services' combined-access set (lenient variants) is reachable within 500 m along the pedestrian network,sp_walk_access_all_services_lenient_500m,score 0-1,value,sample point (walking)
Indicator estimates: access (walking),Score (0/1): all destination categories of the 'services' combined-access set (lenient variants) is reachable within 1000 m along the pedestrian network,sp_walk_access_all_services_lenient_1000m,score 0-1,value,sample point (walking)
Indicator estimates: access (walking),Score (0/1): all destination categories of the 'services' combined-access set (lenient variants) is reachable within 1500 m along the pedestrian network,sp_walk_access_all_services_lenient_1500m,score 0-1,value,sample point (walking)
Indicator estimates: access (walking),"Diversity (0-1) of the 'fresh food' destination sub-types reachable within 500 m along the pedestrian network: the Shannon entropy of the counts of each sub-type, normalised by the number of sub-types defined, so that 1 is an even spread across all of them and 0 is one sub-type only, or nothing reachable at all",sp_walk_diversity_fresh_food_500m,index 0-1,value,sample point (walking)
Indicator estimates: access (walking),Share (0-1) of the 'fresh food' destination sub-types with at least one destination reachable within 500 m along the pedestrian network,sp_walk_richness_fresh_food_500m,index 0-1,value,sample point (walking)
Indicator estimates: access (walking),"Diversity (0-1) of the 'fresh food' destination sub-types reachable within 1000 m along the pedestrian network: the Shannon entropy of the counts of each sub-type, normalised by the number of sub-types defined, so that 1 is an even spread across all of them and 0 is one sub-type only, or nothing reachable at all",sp_walk_diversity_fresh_food_1000m,index 0-1,value,sample point (walking)
Indicator estimates: access (walking),Share (0-1) of the 'fresh food' destination sub-types with at least one destination reachable within 1000 m along the pedestrian network,sp_walk_richness_fresh_food_1000m,index 0-1,value,sample point (walking)
Indicator estimates: access (walking),"Diversity (0-1) of the 'education' destination sub-types reachable within 500 m along the pedestrian network: the Shannon entropy of the counts of each sub-type, normalised by the number of sub-types defined, so that 1 is an even spread across all of them and 0 is one sub-type only, or nothing reachable at all",sp_walk_diversity_education_500m,index 0-1,value,sample point (walking)
Indicator estimates: access (walking),Share (0-1) of the 'education' destination sub-types with at least one destination reachable within 500 m along the pedestrian network,sp_walk_richness_education_500m,index 0-1,value,sample point (walking)
Indicator estimates: access (walking),"Diversity (0-1) of the 'education' destination sub-types reachable within 1000 m along the pedestrian network: the Shannon entropy of the counts of each sub-type, normalised by the number of sub-types defined, so that 1 is an even spread across all of them and 0 is one sub-type only, or nothing reachable at all",sp_walk_diversity_education_1000m,index 0-1,value,sample point (walking)
Indicator estimates: access (walking),Share (0-1) of the 'education' destination sub-types with at least one destination reachable within 1000 m along the pedestrian network,sp_walk_richness_education_1000m,index 0-1,value,sample point (walking)
Indicator estimates: access (walking),"Diversity (0-1) of the 'health care' destination sub-types reachable within 500 m along the pedestrian network: the Shannon entropy of the counts of each sub-type, normalised by the number of sub-types defined, so that 1 is an even spread across all of them and 0 is one sub-type only, or nothing reachable at all",sp_walk_diversity_health_care_500m,index 0-1,value,sample point (walking)
Indicator estimates: access (walking),Share (0-1) of the 'health care' destination sub-types with at least one destination reachable within 500 m along the pedestrian network,sp_walk_richness_health_care_500m,index 0-1,value,sample point (walking)
Indicator estimates: access (walking),"Diversity (0-1) of the 'health care' destination sub-types reachable within 1000 m along the pedestrian network: the Shannon entropy of the counts of each sub-type, normalised by the number of sub-types defined, so that 1 is an even spread across all of them and 0 is one sub-type only, or nothing reachable at all",sp_walk_diversity_health_care_1000m,index 0-1,value,sample point (walking)
Indicator estimates: access (walking),Share (0-1) of the 'health care' destination sub-types with at least one destination reachable within 1000 m along the pedestrian network,sp_walk_richness_health_care_1000m,index 0-1,value,sample point (walking)
Indicator estimates: access (walking),"Diversity (0-1) of the 'community culture recreation' destination sub-types reachable within 500 m along the pedestrian network: the Shannon entropy of the counts of each sub-type, normalised by the number of sub-types defined, so that 1 is an even spread across all of them and 0 is one sub-type only, or nothing reachable at all",sp_walk_diversity_community_culture_recreation_500m,index 0-1,value,sample point (walking)
Indicator estimates: access (walking),Share (0-1) of the 'community culture recreation' destination sub-types with at least one destination reachable within 500 m along the pedestrian network,sp_walk_richness_community_culture_recreation_500m,index 0-1,value,sample point (walking)
Indicator estimates: access (walking),"Diversity (0-1) of the 'community culture recreation' destination sub-types reachable within 1000 m along the pedestrian network: the Shannon entropy of the counts of each sub-type, normalised by the number of sub-types defined, so that 1 is an even spread across all of them and 0 is one sub-type only, or nothing reachable at all",sp_walk_diversity_community_culture_recreation_1000m,index 0-1,value,sample point (walking)
Indicator estimates: access (walking),Share (0-1) of the 'community culture recreation' destination sub-types with at least one destination reachable within 1000 m along the pedestrian network,sp_walk_richness_community_culture_recreation_1000m,index 0-1,value,sample point (walking)
Indicator estimates: walkability,Average walkable neighbourhood population density (population per km²; population weighted),pop_nh_pop_density,persons per km²,mean,"city, custom: agebs, custom: condesa_fraccionamientos, custom: region_mexicali, custom: region_condesa"
Indicator estimates: walkability,Average walkable neighbourhood intersection density (intersections per km²; population weighted),pop_nh_intersection_density,count per km²,mean,"city, custom: agebs, custom: condesa_fraccionamientos, custom: region_mexicali, custom: region_condesa"
Indicator estimates: walkability,Average daily living score (/3; population weighted),pop_daily_living,score 0-3,mean,"city, custom: agebs, custom: condesa_fraccionamientos, custom: region_mexicali, custom: region_condesa"
Indicator estimates: walkability,Average walkability index (population weighted),pop_walkability,index (sum of z-scores),mean,"city, custom: agebs, custom: condesa_fraccionamientos, custom: region_mexicali, custom: region_condesa"
Indicator estimates: walkability,Average walkable neighbourhood population density (population per km²) of sample points in this area,local_nh_population_density,persons per km²,mean,"city, grid, custom: agebs, custom: manzanas, custom: condesa_lotes, custom: condesa_fraccionamientos, custom: region_mexicali, custom: region_condesa"
Indicator estimates: walkability,Average walkable neighbourhood intersection density (intersections per km²) of sample points in this area,local_nh_intersection_density,count per km²,mean,"city, grid, custom: agebs, custom: manzanas, custom: condesa_lotes, custom: condesa_fraccionamientos, custom: region_mexicali, custom: region_condesa"
Indicator estimates: walkability,Average daily living score (/3) of sample points in this area,local_daily_living,score 0-3,mean,"city, grid, custom: agebs, custom: manzanas, custom: condesa_lotes, custom: condesa_fraccionamientos, custom: region_mexicali, custom: region_condesa"
Indicator estimates: walkability,Average walkability index of sample points in this area,local_walkability,index (sum of z-scores),mean,"city, grid, custom: agebs, custom: manzanas, custom: condesa_lotes, custom: condesa_fraccionamientos, custom: region_mexicali, custom: region_condesa"
Indicator estimates: walkability,"Average population density of the local walkable neighbourhood (population per km², based on the population grid cells intersecting the sample point neighbourhood)",sp_local_nh_avg_pop_density,persons per km²,value,sample point
Indicator estimates: walkability,Average street intersection density of the local walkable neighbourhood (intersections per km²),sp_local_nh_avg_intersection_density,count per km²,value,sample point
Indicator estimates: walkability,"Daily living score (/3): sum of access scores for fresh food, convenience and public transport destinations",sp_daily_living_score,score 0-3,value,sample point
Indicator estimates: walkability,"Walkability index: sum of z-scores of the daily living score, neighbourhood population density and neighbourhood intersection density",sp_walkability_index,index (sum of z-scores),value,sample point
Indicator estimates: cycling accessibility,"Average distance (m) by cycling to the nearest fresh food market / supermarket (source: OpenStreetMap or custom data), using a fully low-stress route (Level of Traffic Stress 1–2) (population weighted)",pop_avg_cycle_dist_safe_fresh_food_market,metres,mean,city
Indicator estimates: cycling accessibility,"Average distance (m) by cycling to the nearest fresh food market, supermarket or convenience store (pooled fresh food destinations), using a fully low-stress route (Level of Traffic Stress 1–2) (population weighted)",pop_avg_cycle_dist_safe_fresh_food_pooled,metres,mean,city
Indicator estimates: cycling accessibility,"Average distance (m) by cycling to the nearest public open space larger than 1.5 hectares (source: OpenStreetMap), using a fully low-stress route (Level of Traffic Stress 1–2) (population weighted)",pop_avg_cycle_dist_safe_public_open_space_large,metres,mean,city
Indicator estimates: cycling accessibility,"Average distance (m) by cycling to the nearest public open space (source: OpenStreetMap), using a fully low-stress route (Level of Traffic Stress 1–2) (population weighted)",pop_avg_cycle_dist_safe_public_open_space_any,metres,mean,city
Indicator estimates: cycling accessibility,"Average distance (m) by cycling to the nearest public transport stop (best result of GTFS and OpenStreetMap/custom sources), using a fully low-stress route (Level of Traffic Stress 1–2) (population weighted)",pop_avg_cycle_dist_safe_pt_any,metres,mean,city
Indicator estimates: cycling accessibility,"Average distance (m) by cycling to the nearest 'local' activity centre: a network location whose walkable catchment (default 400 m) contains at least one everyday (lenient) destination of each category (food, public open space, public transport), using a fully low-stress route (Level of Traffic Stress 1–2) (population weighted)",pop_avg_cycle_dist_safe_activity_centre_local,metres,mean,city
Indicator estimates: cycling accessibility,"Average distance (m) by cycling to the nearest 'complete' activity centre: a network location whose walkable catchment (default 400 m) contains at least one high-amenity (strict) destination of each category (food, public open space, public transport), using a fully low-stress route (Level of Traffic Stress 1–2) (population weighted)",pop_avg_cycle_dist_safe_activity_centre_complete,metres,mean,city
Indicator estimates: cycling accessibility,"Average distance (m) by cycling to the nearest fresh food market / supermarket (source: OpenStreetMap or custom data), using a danger-weighted route over the full cycling network (higher-stress links usable at a proportionate distance penalty) (population weighted)",pop_avg_cycle_dist_fresh_food_market,metres,mean,city
Indicator estimates: cycling accessibility,"Average distance (m) by cycling to the nearest fresh food market, supermarket or convenience store (pooled fresh food destinations), using a danger-weighted route over the full cycling network (higher-stress links usable at a proportionate distance penalty) (population weighted)",pop_avg_cycle_dist_fresh_food_pooled,metres,mean,city
Indicator estimates: cycling accessibility,"Average distance (m) by cycling to the nearest public open space larger than 1.5 hectares (source: OpenStreetMap), using a danger-weighted route over the full cycling network (higher-stress links usable at a proportionate distance penalty) (population weighted)",pop_avg_cycle_dist_public_open_space_large,metres,mean,city
Indicator estimates: cycling accessibility,"Average distance (m) by cycling to the nearest public open space (source: OpenStreetMap), using a danger-weighted route over the full cycling network (higher-stress links usable at a proportionate distance penalty) (population weighted)",pop_avg_cycle_dist_public_open_space_any,metres,mean,city
Indicator estimates: cycling accessibility,"Average distance (m) by cycling to the nearest public transport stop (best result of GTFS and OpenStreetMap/custom sources), using a danger-weighted route over the full cycling network (higher-stress links usable at a proportionate distance penalty) (population weighted)",pop_avg_cycle_dist_pt_any,metres,mean,city
Indicator estimates: cycling accessibility,"Average distance (m) by cycling to the nearest 'local' activity centre: a network location whose walkable catchment (default 400 m) contains at least one everyday (lenient) destination of each category (food, public open space, public transport), using a danger-weighted route over the full cycling network (higher-stress links usable at a proportionate distance penalty) (population weighted)",pop_avg_cycle_dist_activity_centre_local,metres,mean,city
Indicator estimates: cycling accessibility,"Average distance (m) by cycling to the nearest 'complete' activity centre: a network location whose walkable catchment (default 400 m) contains at least one high-amenity (strict) destination of each category (food, public open space, public transport), using a danger-weighted route over the full cycling network (higher-stress links usable at a proportionate distance penalty) (population weighted)",pop_avg_cycle_dist_activity_centre_complete,metres,mean,city
Indicator estimates: cycling accessibility,"Percentage of population with cycling access within 500 m to a fresh food market / supermarket (source: OpenStreetMap or custom data), using a fully low-stress route (Level of Traffic Stress 1–2) (population weighted)",pop_pct_access_cycle_safe_fresh_food_market_500m,percent,percentage,city
Indicator estimates: cycling accessibility,"Percentage of population with cycling access within 500 m to a fresh food market, supermarket or convenience store (pooled fresh food destinations), using a fully low-stress route (Level of Traffic Stress 1–2) (population weighted)",pop_pct_access_cycle_safe_fresh_food_pooled_500m,percent,percentage,city
Indicator estimates: cycling accessibility,"Percentage of population with cycling access within 500 m to a public open space larger than 1.5 hectares (source: OpenStreetMap), using a fully low-stress route (Level of Traffic Stress 1–2) (population weighted)",pop_pct_access_cycle_safe_public_open_space_large_500m,percent,percentage,city
Indicator estimates: cycling accessibility,"Percentage of population with cycling access within 500 m to any public open space (source: OpenStreetMap), using a fully low-stress route (Level of Traffic Stress 1–2) (population weighted)",pop_pct_access_cycle_safe_public_open_space_any_500m,percent,percentage,city
Indicator estimates: cycling accessibility,"Percentage of population with cycling access within 500 m to any public transport stop (best result of GTFS and OpenStreetMap/custom sources), using a fully low-stress route (Level of Traffic Stress 1–2) (population weighted)",pop_pct_access_cycle_safe_pt_any_500m,percent,percentage,city
Indicator estimates: cycling accessibility,"Percentage of population with cycling access within 500 m to a 'local' activity centre: a network location whose walkable catchment (default 400 m) contains at least one everyday (lenient) destination of each category (food, public open space, public transport), using a fully low-stress route (Level of Traffic Stress 1–2) (population weighted)",pop_pct_access_cycle_safe_activity_centre_local_500m,percent,percentage,city
Indicator estimates: cycling accessibility,"Percentage of population with cycling access within 500 m to a 'complete' activity centre: a network location whose walkable catchment (default 400 m) contains at least one high-amenity (strict) destination of each category (food, public open space, public transport), using a fully low-stress route (Level of Traffic Stress 1–2) (population weighted)",pop_pct_access_cycle_safe_activity_centre_complete_500m,percent,percentage,city
Indicator estimates: cycling accessibility,"Percentage of population with cycling access within 500 m to a fresh food market / supermarket (source: OpenStreetMap or custom data), using a danger-weighted route over the full cycling network (higher-stress links usable at a proportionate distance penalty) (population weighted)",pop_pct_access_cycle_fresh_food_market_500m,percent,percentage,city
Indicator estimates: cycling accessibility,"Percentage of population with cycling access within 500 m to a fresh food market, supermarket or convenience store (pooled fresh food destinations), using a danger-weighted route over the full cycling network (higher-stress links usable at a proportionate distance penalty) (population weighted)",pop_pct_access_cycle_fresh_food_pooled_500m,percent,percentage,city
Indicator estimates: cycling accessibility,"Percentage of population with cycling access within 500 m to a public open space larger than 1.5 hectares (source: OpenStreetMap), using a danger-weighted route over the full cycling network (higher-stress links usable at a proportionate distance penalty) (population weighted)",pop_pct_access_cycle_public_open_space_large_500m,percent,percentage,city
Indicator estimates: cycling accessibility,"Percentage of population with cycling access within 500 m to any public open space (source: OpenStreetMap), using a danger-weighted route over the full cycling network (higher-stress links usable at a proportionate distance penalty) (population weighted)",pop_pct_access_cycle_public_open_space_any_500m,percent,percentage,city
Indicator estimates: cycling accessibility,"Percentage of population with cycling access within 500 m to any public transport stop (best result of GTFS and OpenStreetMap/custom sources), using a danger-weighted route over the full cycling network (higher-stress links usable at a proportionate distance penalty) (population weighted)",pop_pct_access_cycle_pt_any_500m,percent,percentage,city
Indicator estimates: cycling accessibility,"Percentage of population with cycling access within 500 m to a 'local' activity centre: a network location whose walkable catchment (default 400 m) contains at least one everyday (lenient) destination of each category (food, public open space, public transport), using a danger-weighted route over the full cycling network (higher-stress links usable at a proportionate distance penalty) (population weighted)",pop_pct_access_cycle_activity_centre_local_500m,percent,percentage,city
Indicator estimates: cycling accessibility,"Percentage of population with cycling access within 500 m to a 'complete' activity centre: a network location whose walkable catchment (default 400 m) contains at least one high-amenity (strict) destination of each category (food, public open space, public transport), using a danger-weighted route over the full cycling network (higher-stress links usable at a proportionate distance penalty) (population weighted)",pop_pct_access_cycle_activity_centre_complete_500m,percent,percentage,city
Indicator estimates: cycling accessibility,"Percentage of population with cycling access within 1000 m to a fresh food market / supermarket (source: OpenStreetMap or custom data), using a fully low-stress route (Level of Traffic Stress 1–2) (population weighted)",pop_pct_access_cycle_safe_fresh_food_market_1000m,percent,percentage,city
Indicator estimates: cycling accessibility,"Percentage of population with cycling access within 1000 m to a fresh food market, supermarket or convenience store (pooled fresh food destinations), using a fully low-stress route (Level of Traffic Stress 1–2) (population weighted)",pop_pct_access_cycle_safe_fresh_food_pooled_1000m,percent,percentage,city
Indicator estimates: cycling accessibility,"Percentage of population with cycling access within 1000 m to a public open space larger than 1.5 hectares (source: OpenStreetMap), using a fully low-stress route (Level of Traffic Stress 1–2) (population weighted)",pop_pct_access_cycle_safe_public_open_space_large_1000m,percent,percentage,city
Indicator estimates: cycling accessibility,"Percentage of population with cycling access within 1000 m to any public open space (source: OpenStreetMap), using a fully low-stress route (Level of Traffic Stress 1–2) (population weighted)",pop_pct_access_cycle_safe_public_open_space_any_1000m,percent,percentage,city
Indicator estimates: cycling accessibility,"Percentage of population with cycling access within 1000 m to any public transport stop (best result of GTFS and OpenStreetMap/custom sources), using a fully low-stress route (Level of Traffic Stress 1–2) (population weighted)",pop_pct_access_cycle_safe_pt_any_1000m,percent,percentage,city
Indicator estimates: cycling accessibility,"Percentage of population with cycling access within 1000 m to a 'local' activity centre: a network location whose walkable catchment (default 400 m) contains at least one everyday (lenient) destination of each category (food, public open space, public transport), using a fully low-stress route (Level of Traffic Stress 1–2) (population weighted)",pop_pct_access_cycle_safe_activity_centre_local_1000m,percent,percentage,city
Indicator estimates: cycling accessibility,"Percentage of population with cycling access within 1000 m to a 'complete' activity centre: a network location whose walkable catchment (default 400 m) contains at least one high-amenity (strict) destination of each category (food, public open space, public transport), using a fully low-stress route (Level of Traffic Stress 1–2) (population weighted)",pop_pct_access_cycle_safe_activity_centre_complete_1000m,percent,percentage,city
Indicator estimates: cycling accessibility,"Percentage of population with cycling access within 1000 m to a fresh food market / supermarket (source: OpenStreetMap or custom data), using a danger-weighted route over the full cycling network (higher-stress links usable at a proportionate distance penalty) (population weighted)",pop_pct_access_cycle_fresh_food_market_1000m,percent,percentage,city
Indicator estimates: cycling accessibility,"Percentage of population with cycling access within 1000 m to a fresh food market, supermarket or convenience store (pooled fresh food destinations), using a danger-weighted route over the full cycling network (higher-stress links usable at a proportionate distance penalty) (population weighted)",pop_pct_access_cycle_fresh_food_pooled_1000m,percent,percentage,city
Indicator estimates: cycling accessibility,"Percentage of population with cycling access within 1000 m to a public open space larger than 1.5 hectares (source: OpenStreetMap), using a danger-weighted route over the full cycling network (higher-stress links usable at a proportionate distance penalty) (population weighted)",pop_pct_access_cycle_public_open_space_large_1000m,percent,percentage,city
Indicator estimates: cycling accessibility,"Percentage of population with cycling access within 1000 m to any public open space (source: OpenStreetMap), using a danger-weighted route over the full cycling network (higher-stress links usable at a proportionate distance penalty) (population weighted)",pop_pct_access_cycle_public_open_space_any_1000m,percent,percentage,city
Indicator estimates: cycling accessibility,"Percentage of population with cycling access within 1000 m to any public transport stop (best result of GTFS and OpenStreetMap/custom sources), using a danger-weighted route over the full cycling network (higher-stress links usable at a proportionate distance penalty) (population weighted)",pop_pct_access_cycle_pt_any_1000m,percent,percentage,city
Indicator estimates: cycling accessibility,"Percentage of population with cycling access within 1000 m to a 'local' activity centre: a network location whose walkable catchment (default 400 m) contains at least one everyday (lenient) destination of each category (food, public open space, public transport), using a danger-weighted route over the full cycling network (higher-stress links usable at a proportionate distance penalty) (population weighted)",pop_pct_access_cycle_activity_centre_local_1000m,percent,percentage,city
Indicator estimates: cycling accessibility,"Percentage of population with cycling access within 1000 m to a 'complete' activity centre: a network location whose walkable catchment (default 400 m) contains at least one high-amenity (strict) destination of each category (food, public open space, public transport), using a danger-weighted route over the full cycling network (higher-stress links usable at a proportionate distance penalty) (population weighted)",pop_pct_access_cycle_activity_centre_complete_1000m,percent,percentage,city
Indicator estimates: cycling accessibility,"Percentage of population with cycling access within 2000 m to a fresh food market / supermarket (source: OpenStreetMap or custom data), using a fully low-stress route (Level of Traffic Stress 1–2) (population weighted)",pop_pct_access_cycle_safe_fresh_food_market_2000m,percent,percentage,city
Indicator estimates: cycling accessibility,"Percentage of population with cycling access within 2000 m to a fresh food market, supermarket or convenience store (pooled fresh food destinations), using a fully low-stress route (Level of Traffic Stress 1–2) (population weighted)",pop_pct_access_cycle_safe_fresh_food_pooled_2000m,percent,percentage,city
Indicator estimates: cycling accessibility,"Percentage of population with cycling access within 2000 m to a public open space larger than 1.5 hectares (source: OpenStreetMap), using a fully low-stress route (Level of Traffic Stress 1–2) (population weighted)",pop_pct_access_cycle_safe_public_open_space_large_2000m,percent,percentage,city
Indicator estimates: cycling accessibility,"Percentage of population with cycling access within 2000 m to any public open space (source: OpenStreetMap), using a fully low-stress route (Level of Traffic Stress 1–2) (population weighted)",pop_pct_access_cycle_safe_public_open_space_any_2000m,percent,percentage,city
Indicator estimates: cycling accessibility,"Percentage of population with cycling access within 2000 m to any public transport stop (best result of GTFS and OpenStreetMap/custom sources), using a fully low-stress route (Level of Traffic Stress 1–2) (population weighted)",pop_pct_access_cycle_safe_pt_any_2000m,percent,percentage,city
Indicator estimates: cycling accessibility,"Percentage of population with cycling access within 2000 m to a 'local' activity centre: a network location whose walkable catchment (default 400 m) contains at least one everyday (lenient) destination of each category (food, public open space, public transport), using a fully low-stress route (Level of Traffic Stress 1–2) (population weighted)",pop_pct_access_cycle_safe_activity_centre_local_2000m,percent,percentage,city
Indicator estimates: cycling accessibility,"Percentage of population with cycling access within 2000 m to a 'complete' activity centre: a network location whose walkable catchment (default 400 m) contains at least one high-amenity (strict) destination of each category (food, public open space, public transport), using a fully low-stress route (Level of Traffic Stress 1–2) (population weighted)",pop_pct_access_cycle_safe_activity_centre_complete_2000m,percent,percentage,city
Indicator estimates: cycling accessibility,"Percentage of population with cycling access within 2000 m to a fresh food market / supermarket (source: OpenStreetMap or custom data), using a danger-weighted route over the full cycling network (higher-stress links usable at a proportionate distance penalty) (population weighted)",pop_pct_access_cycle_fresh_food_market_2000m,percent,percentage,city
Indicator estimates: cycling accessibility,"Percentage of population with cycling access within 2000 m to a fresh food market, supermarket or convenience store (pooled fresh food destinations), using a danger-weighted route over the full cycling network (higher-stress links usable at a proportionate distance penalty) (population weighted)",pop_pct_access_cycle_fresh_food_pooled_2000m,percent,percentage,city
Indicator estimates: cycling accessibility,"Percentage of population with cycling access within 2000 m to a public open space larger than 1.5 hectares (source: OpenStreetMap), using a danger-weighted route over the full cycling network (higher-stress links usable at a proportionate distance penalty) (population weighted)",pop_pct_access_cycle_public_open_space_large_2000m,percent,percentage,city
Indicator estimates: cycling accessibility,"Percentage of population with cycling access within 2000 m to any public open space (source: OpenStreetMap), using a danger-weighted route over the full cycling network (higher-stress links usable at a proportionate distance penalty) (population weighted)",pop_pct_access_cycle_public_open_space_any_2000m,percent,percentage,city
Indicator estimates: cycling accessibility,"Percentage of population with cycling access within 2000 m to any public transport stop (best result of GTFS and OpenStreetMap/custom sources), using a danger-weighted route over the full cycling network (higher-stress links usable at a proportionate distance penalty) (population weighted)",pop_pct_access_cycle_pt_any_2000m,percent,percentage,city
Indicator estimates: cycling accessibility,"Percentage of population with cycling access within 2000 m to a 'local' activity centre: a network location whose walkable catchment (default 400 m) contains at least one everyday (lenient) destination of each category (food, public open space, public transport), using a danger-weighted route over the full cycling network (higher-stress links usable at a proportionate distance penalty) (population weighted)",pop_pct_access_cycle_activity_centre_local_2000m,percent,percentage,city
Indicator estimates: cycling accessibility,"Percentage of population with cycling access within 2000 m to a 'complete' activity centre: a network location whose walkable catchment (default 400 m) contains at least one high-amenity (strict) destination of each category (food, public open space, public transport), using a danger-weighted route over the full cycling network (higher-stress links usable at a proportionate distance penalty) (population weighted)",pop_pct_access_cycle_activity_centre_complete_2000m,percent,percentage,city
Indicator estimates: cycling accessibility,"Percentage of population with cycling access within 5000 m to a fresh food market / supermarket (source: OpenStreetMap or custom data), using a fully low-stress route (Level of Traffic Stress 1–2) (population weighted)",pop_pct_access_cycle_safe_fresh_food_market_5000m,percent,percentage,city
Indicator estimates: cycling accessibility,"Percentage of population with cycling access within 5000 m to a fresh food market, supermarket or convenience store (pooled fresh food destinations), using a fully low-stress route (Level of Traffic Stress 1–2) (population weighted)",pop_pct_access_cycle_safe_fresh_food_pooled_5000m,percent,percentage,city
Indicator estimates: cycling accessibility,"Percentage of population with cycling access within 5000 m to a public open space larger than 1.5 hectares (source: OpenStreetMap), using a fully low-stress route (Level of Traffic Stress 1–2) (population weighted)",pop_pct_access_cycle_safe_public_open_space_large_5000m,percent,percentage,city
Indicator estimates: cycling accessibility,"Percentage of population with cycling access within 5000 m to any public open space (source: OpenStreetMap), using a fully low-stress route (Level of Traffic Stress 1–2) (population weighted)",pop_pct_access_cycle_safe_public_open_space_any_5000m,percent,percentage,city
Indicator estimates: cycling accessibility,"Percentage of population with cycling access within 5000 m to any public transport stop (best result of GTFS and OpenStreetMap/custom sources), using a fully low-stress route (Level of Traffic Stress 1–2) (population weighted)",pop_pct_access_cycle_safe_pt_any_5000m,percent,percentage,city
Indicator estimates: cycling accessibility,"Percentage of population with cycling access within 5000 m to a 'local' activity centre: a network location whose walkable catchment (default 400 m) contains at least one everyday (lenient) destination of each category (food, public open space, public transport), using a fully low-stress route (Level of Traffic Stress 1–2) (population weighted)",pop_pct_access_cycle_safe_activity_centre_local_5000m,percent,percentage,city
Indicator estimates: cycling accessibility,"Percentage of population with cycling access within 5000 m to a 'complete' activity centre: a network location whose walkable catchment (default 400 m) contains at least one high-amenity (strict) destination of each category (food, public open space, public transport), using a fully low-stress route (Level of Traffic Stress 1–2) (population weighted)",pop_pct_access_cycle_safe_activity_centre_complete_5000m,percent,percentage,city
Indicator estimates: cycling accessibility,"Percentage of population with cycling access within 5000 m to a fresh food market / supermarket (source: OpenStreetMap or custom data), using a danger-weighted route over the full cycling network (higher-stress links usable at a proportionate distance penalty) (population weighted)",pop_pct_access_cycle_fresh_food_market_5000m,percent,percentage,city
Indicator estimates: cycling accessibility,"Percentage of population with cycling access within 5000 m to a fresh food market, supermarket or convenience store (pooled fresh food destinations), using a danger-weighted route over the full cycling network (higher-stress links usable at a proportionate distance penalty) (population weighted)",pop_pct_access_cycle_fresh_food_pooled_5000m,percent,percentage,city
Indicator estimates: cycling accessibility,"Percentage of population with cycling access within 5000 m to a public open space larger than 1.5 hectares (source: OpenStreetMap), using a danger-weighted route over the full cycling network (higher-stress links usable at a proportionate distance penalty) (population weighted)",pop_pct_access_cycle_public_open_space_large_5000m,percent,percentage,city
Indicator estimates: cycling accessibility,"Percentage of population with cycling access within 5000 m to any public open space (source: OpenStreetMap), using a danger-weighted route over the full cycling network (higher-stress links usable at a proportionate distance penalty) (population weighted)",pop_pct_access_cycle_public_open_space_any_5000m,percent,percentage,city
Indicator estimates: cycling accessibility,"Percentage of population with cycling access within 5000 m to any public transport stop (best result of GTFS and OpenStreetMap/custom sources), using a danger-weighted route over the full cycling network (higher-stress links usable at a proportionate distance penalty) (population weighted)",pop_pct_access_cycle_pt_any_5000m,percent,percentage,city
Indicator estimates: cycling accessibility,"Percentage of population with cycling access within 5000 m to a 'local' activity centre: a network location whose walkable catchment (default 400 m) contains at least one everyday (lenient) destination of each category (food, public open space, public transport), using a danger-weighted route over the full cycling network (higher-stress links usable at a proportionate distance penalty) (population weighted)",pop_pct_access_cycle_activity_centre_local_5000m,percent,percentage,city
Indicator estimates: cycling accessibility,"Percentage of population with cycling access within 5000 m to a 'complete' activity centre: a network location whose walkable catchment (default 400 m) contains at least one high-amenity (strict) destination of each category (food, public open space, public transport), using a danger-weighted route over the full cycling network (higher-stress links usable at a proportionate distance penalty) (population weighted)",pop_pct_access_cycle_activity_centre_complete_5000m,percent,percentage,city
Indicator estimates: cycling accessibility,"Percentage of population with cycling access within 500 m to all core destination categories at their strict variant (fresh food market, large public open space, frequent public transport), using a fully low-stress route (Level of Traffic Stress 1–2) (population weighted)",pop_pct_access_cycle_safe_all_strict_500m,percent,percentage,city
Indicator estimates: cycling accessibility,"Percentage of population with cycling access within 1000 m to all core destination categories at their strict variant (fresh food market, large public open space, frequent public transport), using a fully low-stress route (Level of Traffic Stress 1–2) (population weighted)",pop_pct_access_cycle_safe_all_strict_1000m,percent,percentage,city
Indicator estimates: cycling accessibility,"Percentage of population with cycling access within 2000 m to all core destination categories at their strict variant (fresh food market, large public open space, frequent public transport), using a fully low-stress route (Level of Traffic Stress 1–2) (population weighted)",pop_pct_access_cycle_safe_all_strict_2000m,percent,percentage,city
Indicator estimates: cycling accessibility,"Percentage of population with cycling access within 5000 m to all core destination categories at their strict variant (fresh food market, large public open space, frequent public transport), using a fully low-stress route (Level of Traffic Stress 1–2) (population weighted)",pop_pct_access_cycle_safe_all_strict_5000m,percent,percentage,city
Indicator estimates: cycling accessibility,"Percentage of population with cycling access within 500 m to all core destination categories at their strict variant (fresh food market, large public open space, frequent public transport), using a danger-weighted route over the full cycling network (higher-stress links usable at a proportionate distance penalty) (population weighted)",pop_pct_access_cycle_all_strict_500m,percent,percentage,city
Indicator estimates: cycling accessibility,"Percentage of population with cycling access within 1000 m to all core destination categories at their strict variant (fresh food market, large public open space, frequent public transport), using a danger-weighted route over the full cycling network (higher-stress links usable at a proportionate distance penalty) (population weighted)",pop_pct_access_cycle_all_strict_1000m,percent,percentage,city
Indicator estimates: cycling accessibility,"Percentage of population with cycling access within 2000 m to all core destination categories at their strict variant (fresh food market, large public open space, frequent public transport), using a danger-weighted route over the full cycling network (higher-stress links usable at a proportionate distance penalty) (population weighted)",pop_pct_access_cycle_all_strict_2000m,percent,percentage,city
Indicator estimates: cycling accessibility,"Percentage of population with cycling access within 5000 m to all core destination categories at their strict variant (fresh food market, large public open space, frequent public transport), using a danger-weighted route over the full cycling network (higher-stress links usable at a proportionate distance penalty) (population weighted)",pop_pct_access_cycle_all_strict_5000m,percent,percentage,city
Indicator estimates: cycling accessibility,"Percentage of population with cycling access within 500 m to all core destination categories at their lenient variant (pooled fresh food, any public open space, any public transport), using a fully low-stress route (Level of Traffic Stress 1–2) (population weighted)",pop_pct_access_cycle_safe_all_lenient_500m,percent,percentage,city
Indicator estimates: cycling accessibility,"Percentage of population with cycling access within 1000 m to all core destination categories at their lenient variant (pooled fresh food, any public open space, any public transport), using a fully low-stress route (Level of Traffic Stress 1–2) (population weighted)",pop_pct_access_cycle_safe_all_lenient_1000m,percent,percentage,city
Indicator estimates: cycling accessibility,"Percentage of population with cycling access within 2000 m to all core destination categories at their lenient variant (pooled fresh food, any public open space, any public transport), using a fully low-stress route (Level of Traffic Stress 1–2) (population weighted)",pop_pct_access_cycle_safe_all_lenient_2000m,percent,percentage,city
Indicator estimates: cycling accessibility,"Percentage of population with cycling access within 5000 m to all core destination categories at their lenient variant (pooled fresh food, any public open space, any public transport), using a fully low-stress route (Level of Traffic Stress 1–2) (population weighted)",pop_pct_access_cycle_safe_all_lenient_5000m,percent,percentage,city
Indicator estimates: cycling accessibility,"Percentage of population with cycling access within 500 m to all core destination categories at their lenient variant (pooled fresh food, any public open space, any public transport), using a danger-weighted route over the full cycling network (higher-stress links usable at a proportionate distance penalty) (population weighted)",pop_pct_access_cycle_all_lenient_500m,percent,percentage,city
Indicator estimates: cycling accessibility,"Percentage of population with cycling access within 1000 m to all core destination categories at their lenient variant (pooled fresh food, any public open space, any public transport), using a danger-weighted route over the full cycling network (higher-stress links usable at a proportionate distance penalty) (population weighted)",pop_pct_access_cycle_all_lenient_1000m,percent,percentage,city
Indicator estimates: cycling accessibility,"Percentage of population with cycling access within 2000 m to all core destination categories at their lenient variant (pooled fresh food, any public open space, any public transport), using a danger-weighted route over the full cycling network (higher-stress links usable at a proportionate distance penalty) (population weighted)",pop_pct_access_cycle_all_lenient_2000m,percent,percentage,city
Indicator estimates: cycling accessibility,"Percentage of population with cycling access within 5000 m to all core destination categories at their lenient variant (pooled fresh food, any public open space, any public transport), using a danger-weighted route over the full cycling network (higher-stress links usable at a proportionate distance penalty) (population weighted)",pop_pct_access_cycle_all_lenient_5000m,percent,percentage,city
Indicator estimates: cycling accessibility,"Average distance (m) by cycling to the nearest fresh food market / supermarket (source: OpenStreetMap or custom data), using a fully low-stress route (Level of Traffic Stress 1–2)",avg_cycle_dist_safe_fresh_food_market,metres,mean,"grid, custom: agebs, custom: manzanas, custom: condesa_lotes, custom: condesa_fraccionamientos, custom: region_mexicali, custom: region_condesa"
Indicator estimates: cycling accessibility,"Average distance (m) by cycling to the nearest fresh food market, supermarket or convenience store (pooled fresh food destinations), using a fully low-stress route (Level of Traffic Stress 1–2)",avg_cycle_dist_safe_fresh_food_pooled,metres,mean,"grid, custom: agebs, custom: manzanas, custom: condesa_lotes, custom: condesa_fraccionamientos, custom: region_mexicali, custom: region_condesa"
Indicator estimates: cycling accessibility,"Average distance (m) by cycling to the nearest public open space larger than 1.5 hectares (source: OpenStreetMap), using a fully low-stress route (Level of Traffic Stress 1–2)",avg_cycle_dist_safe_public_open_space_large,metres,mean,"grid, custom: agebs, custom: manzanas, custom: condesa_lotes, custom: condesa_fraccionamientos, custom: region_mexicali, custom: region_condesa"
Indicator estimates: cycling accessibility,"Average distance (m) by cycling to the nearest public open space (source: OpenStreetMap), using a fully low-stress route (Level of Traffic Stress 1–2)",avg_cycle_dist_safe_public_open_space_any,metres,mean,"grid, custom: agebs, custom: manzanas, custom: condesa_lotes, custom: condesa_fraccionamientos, custom: region_mexicali, custom: region_condesa"
Indicator estimates: cycling accessibility,"Average distance (m) by cycling to the nearest public transport stop (best result of GTFS and OpenStreetMap/custom sources), using a fully low-stress route (Level of Traffic Stress 1–2)",avg_cycle_dist_safe_pt_any,metres,mean,"grid, custom: agebs, custom: manzanas, custom: condesa_lotes, custom: condesa_fraccionamientos, custom: region_mexicali, custom: region_condesa"
Indicator estimates: cycling accessibility,"Average distance (m) by cycling to the nearest 'local' activity centre: a network location whose walkable catchment (default 400 m) contains at least one everyday (lenient) destination of each category (food, public open space, public transport), using a fully low-stress route (Level of Traffic Stress 1–2)",avg_cycle_dist_safe_activity_centre_local,metres,mean,"grid, custom: agebs, custom: manzanas, custom: condesa_lotes, custom: condesa_fraccionamientos, custom: region_mexicali, custom: region_condesa"
Indicator estimates: cycling accessibility,"Average distance (m) by cycling to the nearest 'complete' activity centre: a network location whose walkable catchment (default 400 m) contains at least one high-amenity (strict) destination of each category (food, public open space, public transport), using a fully low-stress route (Level of Traffic Stress 1–2)",avg_cycle_dist_safe_activity_centre_complete,metres,mean,"grid, custom: agebs, custom: manzanas, custom: condesa_lotes, custom: condesa_fraccionamientos, custom: region_mexicali, custom: region_condesa"
Indicator estimates: cycling accessibility,"Average distance (m) by cycling to the nearest fresh food market / supermarket (source: OpenStreetMap or custom data), using a danger-weighted route over the full cycling network (higher-stress links usable at a proportionate distance penalty)",avg_cycle_dist_fresh_food_market,metres,mean,"grid, custom: agebs, custom: manzanas, custom: condesa_lotes, custom: condesa_fraccionamientos, custom: region_mexicali, custom: region_condesa"
Indicator estimates: cycling accessibility,"Average distance (m) by cycling to the nearest fresh food market, supermarket or convenience store (pooled fresh food destinations), using a danger-weighted route over the full cycling network (higher-stress links usable at a proportionate distance penalty)",avg_cycle_dist_fresh_food_pooled,metres,mean,"grid, custom: agebs, custom: manzanas, custom: condesa_lotes, custom: condesa_fraccionamientos, custom: region_mexicali, custom: region_condesa"
Indicator estimates: cycling accessibility,"Average distance (m) by cycling to the nearest public open space larger than 1.5 hectares (source: OpenStreetMap), using a danger-weighted route over the full cycling network (higher-stress links usable at a proportionate distance penalty)",avg_cycle_dist_public_open_space_large,metres,mean,"grid, custom: agebs, custom: manzanas, custom: condesa_lotes, custom: condesa_fraccionamientos, custom: region_mexicali, custom: region_condesa"
Indicator estimates: cycling accessibility,"Average distance (m) by cycling to the nearest public open space (source: OpenStreetMap), using a danger-weighted route over the full cycling network (higher-stress links usable at a proportionate distance penalty)",avg_cycle_dist_public_open_space_any,metres,mean,"grid, custom: agebs, custom: manzanas, custom: condesa_lotes, custom: condesa_fraccionamientos, custom: region_mexicali, custom: region_condesa"
Indicator estimates: cycling accessibility,"Average distance (m) by cycling to the nearest public transport stop (best result of GTFS and OpenStreetMap/custom sources), using a danger-weighted route over the full cycling network (higher-stress links usable at a proportionate distance penalty)",avg_cycle_dist_pt_any,metres,mean,"grid, custom: agebs, custom: manzanas, custom: condesa_lotes, custom: condesa_fraccionamientos, custom: region_mexicali, custom: region_condesa"
Indicator estimates: cycling accessibility,"Average distance (m) by cycling to the nearest 'local' activity centre: a network location whose walkable catchment (default 400 m) contains at least one everyday (lenient) destination of each category (food, public open space, public transport), using a danger-weighted route over the full cycling network (higher-stress links usable at a proportionate distance penalty)",avg_cycle_dist_activity_centre_local,metres,mean,"grid, custom: agebs, custom: manzanas, custom: condesa_lotes, custom: condesa_fraccionamientos, custom: region_mexicali, custom: region_condesa"
Indicator estimates: cycling accessibility,"Average distance (m) by cycling to the nearest 'complete' activity centre: a network location whose walkable catchment (default 400 m) contains at least one high-amenity (strict) destination of each category (food, public open space, public transport), using a danger-weighted route over the full cycling network (higher-stress links usable at a proportionate distance penalty)",avg_cycle_dist_activity_centre_complete,metres,mean,"grid, custom: agebs, custom: manzanas, custom: condesa_lotes, custom: condesa_fraccionamientos, custom: region_mexicali, custom: region_condesa"
Indicator estimates: cycling accessibility,"Percentage of population with cycling access within 500 m to a fresh food market / supermarket (source: OpenStreetMap or custom data), using a fully low-stress route (Level of Traffic Stress 1–2)",pct_access_cycle_safe_fresh_food_market_500m,percent,percentage,"grid, custom: agebs, custom: manzanas, custom: condesa_lotes, custom: condesa_fraccionamientos, custom: region_mexicali, custom: region_condesa"
Indicator estimates: cycling accessibility,"Percentage of population with cycling access within 500 m to a fresh food market, supermarket or convenience store (pooled fresh food destinations), using a fully low-stress route (Level of Traffic Stress 1–2)",pct_access_cycle_safe_fresh_food_pooled_500m,percent,percentage,"grid, custom: agebs, custom: manzanas, custom: condesa_lotes, custom: condesa_fraccionamientos, custom: region_mexicali, custom: region_condesa"
Indicator estimates: cycling accessibility,"Percentage of population with cycling access within 500 m to a public open space larger than 1.5 hectares (source: OpenStreetMap), using a fully low-stress route (Level of Traffic Stress 1–2)",pct_access_cycle_safe_public_open_space_large_500m,percent,percentage,"grid, custom: agebs, custom: manzanas, custom: condesa_lotes, custom: condesa_fraccionamientos, custom: region_mexicali, custom: region_condesa"
Indicator estimates: cycling accessibility,"Percentage of population with cycling access within 500 m to any public open space (source: OpenStreetMap), using a fully low-stress route (Level of Traffic Stress 1–2)",pct_access_cycle_safe_public_open_space_any_500m,percent,percentage,"grid, custom: agebs, custom: manzanas, custom: condesa_lotes, custom: condesa_fraccionamientos, custom: region_mexicali, custom: region_condesa"
Indicator estimates: cycling accessibility,"Percentage of population with cycling access within 500 m to any public transport stop (best result of GTFS and OpenStreetMap/custom sources), using a fully low-stress route (Level of Traffic Stress 1–2)",pct_access_cycle_safe_pt_any_500m,percent,percentage,"grid, custom: agebs, custom: manzanas, custom: condesa_lotes, custom: condesa_fraccionamientos, custom: region_mexicali, custom: region_condesa"
Indicator estimates: cycling accessibility,"Percentage of population with cycling access within 500 m to a 'local' activity centre: a network location whose walkable catchment (default 400 m) contains at least one everyday (lenient) destination of each category (food, public open space, public transport), using a fully low-stress route (Level of Traffic Stress 1–2)",pct_access_cycle_safe_activity_centre_local_500m,percent,percentage,"grid, custom: agebs, custom: manzanas, custom: condesa_lotes, custom: condesa_fraccionamientos, custom: region_mexicali, custom: region_condesa"
Indicator estimates: cycling accessibility,"Percentage of population with cycling access within 500 m to a 'complete' activity centre: a network location whose walkable catchment (default 400 m) contains at least one high-amenity (strict) destination of each category (food, public open space, public transport), using a fully low-stress route (Level of Traffic Stress 1–2)",pct_access_cycle_safe_activity_centre_complete_500m,percent,percentage,"grid, custom: agebs, custom: manzanas, custom: condesa_lotes, custom: condesa_fraccionamientos, custom: region_mexicali, custom: region_condesa"
Indicator estimates: cycling accessibility,"Percentage of population with cycling access within 500 m to a fresh food market / supermarket (source: OpenStreetMap or custom data), using a danger-weighted route over the full cycling network (higher-stress links usable at a proportionate distance penalty)",pct_access_cycle_fresh_food_market_500m,percent,percentage,"grid, custom: agebs, custom: manzanas, custom: condesa_lotes, custom: condesa_fraccionamientos, custom: region_mexicali, custom: region_condesa"
Indicator estimates: cycling accessibility,"Percentage of population with cycling access within 500 m to a fresh food market, supermarket or convenience store (pooled fresh food destinations), using a danger-weighted route over the full cycling network (higher-stress links usable at a proportionate distance penalty)",pct_access_cycle_fresh_food_pooled_500m,percent,percentage,"grid, custom: agebs, custom: manzanas, custom: condesa_lotes, custom: condesa_fraccionamientos, custom: region_mexicali, custom: region_condesa"
Indicator estimates: cycling accessibility,"Percentage of population with cycling access within 500 m to a public open space larger than 1.5 hectares (source: OpenStreetMap), using a danger-weighted route over the full cycling network (higher-stress links usable at a proportionate distance penalty)",pct_access_cycle_public_open_space_large_500m,percent,percentage,"grid, custom: agebs, custom: manzanas, custom: condesa_lotes, custom: condesa_fraccionamientos, custom: region_mexicali, custom: region_condesa"
Indicator estimates: cycling accessibility,"Percentage of population with cycling access within 500 m to any public open space (source: OpenStreetMap), using a danger-weighted route over the full cycling network (higher-stress links usable at a proportionate distance penalty)",pct_access_cycle_public_open_space_any_500m,percent,percentage,"grid, custom: agebs, custom: manzanas, custom: condesa_lotes, custom: condesa_fraccionamientos, custom: region_mexicali, custom: region_condesa"
Indicator estimates: cycling accessibility,"Percentage of population with cycling access within 500 m to any public transport stop (best result of GTFS and OpenStreetMap/custom sources), using a danger-weighted route over the full cycling network (higher-stress links usable at a proportionate distance penalty)",pct_access_cycle_pt_any_500m,percent,percentage,"grid, custom: agebs, custom: manzanas, custom: condesa_lotes, custom: condesa_fraccionamientos, custom: region_mexicali, custom: region_condesa"
Indicator estimates: cycling accessibility,"Percentage of population with cycling access within 500 m to a 'local' activity centre: a network location whose walkable catchment (default 400 m) contains at least one everyday (lenient) destination of each category (food, public open space, public transport), using a danger-weighted route over the full cycling network (higher-stress links usable at a proportionate distance penalty)",pct_access_cycle_activity_centre_local_500m,percent,percentage,"grid, custom: agebs, custom: manzanas, custom: condesa_lotes, custom: condesa_fraccionamientos, custom: region_mexicali, custom: region_condesa"
Indicator estimates: cycling accessibility,"Percentage of population with cycling access within 500 m to a 'complete' activity centre: a network location whose walkable catchment (default 400 m) contains at least one high-amenity (strict) destination of each category (food, public open space, public transport), using a danger-weighted route over the full cycling network (higher-stress links usable at a proportionate distance penalty)",pct_access_cycle_activity_centre_complete_500m,percent,percentage,"grid, custom: agebs, custom: manzanas, custom: condesa_lotes, custom: condesa_fraccionamientos, custom: region_mexicali, custom: region_condesa"
Indicator estimates: cycling accessibility,"Percentage of population with cycling access within 1000 m to a fresh food market / supermarket (source: OpenStreetMap or custom data), using a fully low-stress route (Level of Traffic Stress 1–2)",pct_access_cycle_safe_fresh_food_market_1000m,percent,percentage,"grid, custom: agebs, custom: manzanas, custom: condesa_lotes, custom: condesa_fraccionamientos, custom: region_mexicali, custom: region_condesa"
Indicator estimates: cycling accessibility,"Percentage of population with cycling access within 1000 m to a fresh food market, supermarket or convenience store (pooled fresh food destinations), using a fully low-stress route (Level of Traffic Stress 1–2)",pct_access_cycle_safe_fresh_food_pooled_1000m,percent,percentage,"grid, custom: agebs, custom: manzanas, custom: condesa_lotes, custom: condesa_fraccionamientos, custom: region_mexicali, custom: region_condesa"
Indicator estimates: cycling accessibility,"Percentage of population with cycling access within 1000 m to a public open space larger than 1.5 hectares (source: OpenStreetMap), using a fully low-stress route (Level of Traffic Stress 1–2)",pct_access_cycle_safe_public_open_space_large_1000m,percent,percentage,"grid, custom: agebs, custom: manzanas, custom: condesa_lotes, custom: condesa_fraccionamientos, custom: region_mexicali, custom: region_condesa"
Indicator estimates: cycling accessibility,"Percentage of population with cycling access within 1000 m to any public open space (source: OpenStreetMap), using a fully low-stress route (Level of Traffic Stress 1–2)",pct_access_cycle_safe_public_open_space_any_1000m,percent,percentage,"grid, custom: agebs, custom: manzanas, custom: condesa_lotes, custom: condesa_fraccionamientos, custom: region_mexicali, custom: region_condesa"
Indicator estimates: cycling accessibility,"Percentage of population with cycling access within 1000 m to any public transport stop (best result of GTFS and OpenStreetMap/custom sources), using a fully low-stress route (Level of Traffic Stress 1–2)",pct_access_cycle_safe_pt_any_1000m,percent,percentage,"grid, custom: agebs, custom: manzanas, custom: condesa_lotes, custom: condesa_fraccionamientos, custom: region_mexicali, custom: region_condesa"
Indicator estimates: cycling accessibility,"Percentage of population with cycling access within 1000 m to a 'local' activity centre: a network location whose walkable catchment (default 400 m) contains at least one everyday (lenient) destination of each category (food, public open space, public transport), using a fully low-stress route (Level of Traffic Stress 1–2)",pct_access_cycle_safe_activity_centre_local_1000m,percent,percentage,"grid, custom: agebs, custom: manzanas, custom: condesa_lotes, custom: condesa_fraccionamientos, custom: region_mexicali, custom: region_condesa"
Indicator estimates: cycling accessibility,"Percentage of population with cycling access within 1000 m to a 'complete' activity centre: a network location whose walkable catchment (default 400 m) contains at least one high-amenity (strict) destination of each category (food, public open space, public transport), using a fully low-stress route (Level of Traffic Stress 1–2)",pct_access_cycle_safe_activity_centre_complete_1000m,percent,percentage,"grid, custom: agebs, custom: manzanas, custom: condesa_lotes, custom: condesa_fraccionamientos, custom: region_mexicali, custom: region_condesa"
Indicator estimates: cycling accessibility,"Percentage of population with cycling access within 1000 m to a fresh food market / supermarket (source: OpenStreetMap or custom data), using a danger-weighted route over the full cycling network (higher-stress links usable at a proportionate distance penalty)",pct_access_cycle_fresh_food_market_1000m,percent,percentage,"grid, custom: agebs, custom: manzanas, custom: condesa_lotes, custom: condesa_fraccionamientos, custom: region_mexicali, custom: region_condesa"
Indicator estimates: cycling accessibility,"Percentage of population with cycling access within 1000 m to a fresh food market, supermarket or convenience store (pooled fresh food destinations), using a danger-weighted route over the full cycling network (higher-stress links usable at a proportionate distance penalty)",pct_access_cycle_fresh_food_pooled_1000m,percent,percentage,"grid, custom: agebs, custom: manzanas, custom: condesa_lotes, custom: condesa_fraccionamientos, custom: region_mexicali, custom: region_condesa"
Indicator estimates: cycling accessibility,"Percentage of population with cycling access within 1000 m to a public open space larger than 1.5 hectares (source: OpenStreetMap), using a danger-weighted route over the full cycling network (higher-stress links usable at a proportionate distance penalty)",pct_access_cycle_public_open_space_large_1000m,percent,percentage,"grid, custom: agebs, custom: manzanas, custom: condesa_lotes, custom: condesa_fraccionamientos, custom: region_mexicali, custom: region_condesa"
Indicator estimates: cycling accessibility,"Percentage of population with cycling access within 1000 m to any public open space (source: OpenStreetMap), using a danger-weighted route over the full cycling network (higher-stress links usable at a proportionate distance penalty)",pct_access_cycle_public_open_space_any_1000m,percent,percentage,"grid, custom: agebs, custom: manzanas, custom: condesa_lotes, custom: condesa_fraccionamientos, custom: region_mexicali, custom: region_condesa"
Indicator estimates: cycling accessibility,"Percentage of population with cycling access within 1000 m to any public transport stop (best result of GTFS and OpenStreetMap/custom sources), using a danger-weighted route over the full cycling network (higher-stress links usable at a proportionate distance penalty)",pct_access_cycle_pt_any_1000m,percent,percentage,"grid, custom: agebs, custom: manzanas, custom: condesa_lotes, custom: condesa_fraccionamientos, custom: region_mexicali, custom: region_condesa"
Indicator estimates: cycling accessibility,"Percentage of population with cycling access within 1000 m to a 'local' activity centre: a network location whose walkable catchment (default 400 m) contains at least one everyday (lenient) destination of each category (food, public open space, public transport), using a danger-weighted route over the full cycling network (higher-stress links usable at a proportionate distance penalty)",pct_access_cycle_activity_centre_local_1000m,percent,percentage,"grid, custom: agebs, custom: manzanas, custom: condesa_lotes, custom: condesa_fraccionamientos, custom: region_mexicali, custom: region_condesa"
Indicator estimates: cycling accessibility,"Percentage of population with cycling access within 1000 m to a 'complete' activity centre: a network location whose walkable catchment (default 400 m) contains at least one high-amenity (strict) destination of each category (food, public open space, public transport), using a danger-weighted route over the full cycling network (higher-stress links usable at a proportionate distance penalty)",pct_access_cycle_activity_centre_complete_1000m,percent,percentage,"grid, custom: agebs, custom: manzanas, custom: condesa_lotes, custom: condesa_fraccionamientos, custom: region_mexicali, custom: region_condesa"
Indicator estimates: cycling accessibility,"Percentage of population with cycling access within 2000 m to a fresh food market / supermarket (source: OpenStreetMap or custom data), using a fully low-stress route (Level of Traffic Stress 1–2)",pct_access_cycle_safe_fresh_food_market_2000m,percent,percentage,"grid, custom: agebs, custom: manzanas, custom: condesa_lotes, custom: condesa_fraccionamientos, custom: region_mexicali, custom: region_condesa"
Indicator estimates: cycling accessibility,"Percentage of population with cycling access within 2000 m to a fresh food market, supermarket or convenience store (pooled fresh food destinations), using a fully low-stress route (Level of Traffic Stress 1–2)",pct_access_cycle_safe_fresh_food_pooled_2000m,percent,percentage,"grid, custom: agebs, custom: manzanas, custom: condesa_lotes, custom: condesa_fraccionamientos, custom: region_mexicali, custom: region_condesa"
Indicator estimates: cycling accessibility,"Percentage of population with cycling access within 2000 m to a public open space larger than 1.5 hectares (source: OpenStreetMap), using a fully low-stress route (Level of Traffic Stress 1–2)",pct_access_cycle_safe_public_open_space_large_2000m,percent,percentage,"grid, custom: agebs, custom: manzanas, custom: condesa_lotes, custom: condesa_fraccionamientos, custom: region_mexicali, custom: region_condesa"
Indicator estimates: cycling accessibility,"Percentage of population with cycling access within 2000 m to any public open space (source: OpenStreetMap), using a fully low-stress route (Level of Traffic Stress 1–2)",pct_access_cycle_safe_public_open_space_any_2000m,percent,percentage,"grid, custom: agebs, custom: manzanas, custom: condesa_lotes, custom: condesa_fraccionamientos, custom: region_mexicali, custom: region_condesa"
Indicator estimates: cycling accessibility,"Percentage of population with cycling access within 2000 m to any public transport stop (best result of GTFS and OpenStreetMap/custom sources), using a fully low-stress route (Level of Traffic Stress 1–2)",pct_access_cycle_safe_pt_any_2000m,percent,percentage,"grid, custom: agebs, custom: manzanas, custom: condesa_lotes, custom: condesa_fraccionamientos, custom: region_mexicali, custom: region_condesa"
Indicator estimates: cycling accessibility,"Percentage of population with cycling access within 2000 m to a 'local' activity centre: a network location whose walkable catchment (default 400 m) contains at least one everyday (lenient) destination of each category (food, public open space, public transport), using a fully low-stress route (Level of Traffic Stress 1–2)",pct_access_cycle_safe_activity_centre_local_2000m,percent,percentage,"grid, custom: agebs, custom: manzanas, custom: condesa_lotes, custom: condesa_fraccionamientos, custom: region_mexicali, custom: region_condesa"
Indicator estimates: cycling accessibility,"Percentage of population with cycling access within 2000 m to a 'complete' activity centre: a network location whose walkable catchment (default 400 m) contains at least one high-amenity (strict) destination of each category (food, public open space, public transport), using a fully low-stress route (Level of Traffic Stress 1–2)",pct_access_cycle_safe_activity_centre_complete_2000m,percent,percentage,"grid, custom: agebs, custom: manzanas, custom: condesa_lotes, custom: condesa_fraccionamientos, custom: region_mexicali, custom: region_condesa"
Indicator estimates: cycling accessibility,"Percentage of population with cycling access within 2000 m to a fresh food market / supermarket (source: OpenStreetMap or custom data), using a danger-weighted route over the full cycling network (higher-stress links usable at a proportionate distance penalty)",pct_access_cycle_fresh_food_market_2000m,percent,percentage,"grid, custom: agebs, custom: manzanas, custom: condesa_lotes, custom: condesa_fraccionamientos, custom: region_mexicali, custom: region_condesa"
Indicator estimates: cycling accessibility,"Percentage of population with cycling access within 2000 m to a fresh food market, supermarket or convenience store (pooled fresh food destinations), using a danger-weighted route over the full cycling network (higher-stress links usable at a proportionate distance penalty)",pct_access_cycle_fresh_food_pooled_2000m,percent,percentage,"grid, custom: agebs, custom: manzanas, custom: condesa_lotes, custom: condesa_fraccionamientos, custom: region_mexicali, custom: region_condesa"
Indicator estimates: cycling accessibility,"Percentage of population with cycling access within 2000 m to a public open space larger than 1.5 hectares (source: OpenStreetMap), using a danger-weighted route over the full cycling network (higher-stress links usable at a proportionate distance penalty)",pct_access_cycle_public_open_space_large_2000m,percent,percentage,"grid, custom: agebs, custom: manzanas, custom: condesa_lotes, custom: condesa_fraccionamientos, custom: region_mexicali, custom: region_condesa"
Indicator estimates: cycling accessibility,"Percentage of population with cycling access within 2000 m to any public open space (source: OpenStreetMap), using a danger-weighted route over the full cycling network (higher-stress links usable at a proportionate distance penalty)",pct_access_cycle_public_open_space_any_2000m,percent,percentage,"grid, custom: agebs, custom: manzanas, custom: condesa_lotes, custom: condesa_fraccionamientos, custom: region_mexicali, custom: region_condesa"
Indicator estimates: cycling accessibility,"Percentage of population with cycling access within 2000 m to any public transport stop (best result of GTFS and OpenStreetMap/custom sources), using a danger-weighted route over the full cycling network (higher-stress links usable at a proportionate distance penalty)",pct_access_cycle_pt_any_2000m,percent,percentage,"grid, custom: agebs, custom: manzanas, custom: condesa_lotes, custom: condesa_fraccionamientos, custom: region_mexicali, custom: region_condesa"
Indicator estimates: cycling accessibility,"Percentage of population with cycling access within 2000 m to a 'local' activity centre: a network location whose walkable catchment (default 400 m) contains at least one everyday (lenient) destination of each category (food, public open space, public transport), using a danger-weighted route over the full cycling network (higher-stress links usable at a proportionate distance penalty)",pct_access_cycle_activity_centre_local_2000m,percent,percentage,"grid, custom: agebs, custom: manzanas, custom: condesa_lotes, custom: condesa_fraccionamientos, custom: region_mexicali, custom: region_condesa"
Indicator estimates: cycling accessibility,"Percentage of population with cycling access within 2000 m to a 'complete' activity centre: a network location whose walkable catchment (default 400 m) contains at least one high-amenity (strict) destination of each category (food, public open space, public transport), using a danger-weighted route over the full cycling network (higher-stress links usable at a proportionate distance penalty)",pct_access_cycle_activity_centre_complete_2000m,percent,percentage,"grid, custom: agebs, custom: manzanas, custom: condesa_lotes, custom: condesa_fraccionamientos, custom: region_mexicali, custom: region_condesa"
Indicator estimates: cycling accessibility,"Percentage of population with cycling access within 5000 m to a fresh food market / supermarket (source: OpenStreetMap or custom data), using a fully low-stress route (Level of Traffic Stress 1–2)",pct_access_cycle_safe_fresh_food_market_5000m,percent,percentage,"grid, custom: agebs, custom: manzanas, custom: condesa_lotes, custom: condesa_fraccionamientos, custom: region_mexicali, custom: region_condesa"
Indicator estimates: cycling accessibility,"Percentage of population with cycling access within 5000 m to a fresh food market, supermarket or convenience store (pooled fresh food destinations), using a fully low-stress route (Level of Traffic Stress 1–2)",pct_access_cycle_safe_fresh_food_pooled_5000m,percent,percentage,"grid, custom: agebs, custom: manzanas, custom: condesa_lotes, custom: condesa_fraccionamientos, custom: region_mexicali, custom: region_condesa"
Indicator estimates: cycling accessibility,"Percentage of population with cycling access within 5000 m to a public open space larger than 1.5 hectares (source: OpenStreetMap), using a fully low-stress route (Level of Traffic Stress 1–2)",pct_access_cycle_safe_public_open_space_large_5000m,percent,percentage,"grid, custom: agebs, custom: manzanas, custom: condesa_lotes, custom: condesa_fraccionamientos, custom: region_mexicali, custom: region_condesa"
Indicator estimates: cycling accessibility,"Percentage of population with cycling access within 5000 m to any public open space (source: OpenStreetMap), using a fully low-stress route (Level of Traffic Stress 1–2)",pct_access_cycle_safe_public_open_space_any_5000m,percent,percentage,"grid, custom: agebs, custom: manzanas, custom: condesa_lotes, custom: condesa_fraccionamientos, custom: region_mexicali, custom: region_condesa"
Indicator estimates: cycling accessibility,"Percentage of population with cycling access within 5000 m to any public transport stop (best result of GTFS and OpenStreetMap/custom sources), using a fully low-stress route (Level of Traffic Stress 1–2)",pct_access_cycle_safe_pt_any_5000m,percent,percentage,"grid, custom: agebs, custom: manzanas, custom: condesa_lotes, custom: condesa_fraccionamientos, custom: region_mexicali, custom: region_condesa"
Indicator estimates: cycling accessibility,"Percentage of population with cycling access within 5000 m to a 'local' activity centre: a network location whose walkable catchment (default 400 m) contains at least one everyday (lenient) destination of each category (food, public open space, public transport), using a fully low-stress route (Level of Traffic Stress 1–2)",pct_access_cycle_safe_activity_centre_local_5000m,percent,percentage,"grid, custom: agebs, custom: manzanas, custom: condesa_lotes, custom: condesa_fraccionamientos, custom: region_mexicali, custom: region_condesa"
Indicator estimates: cycling accessibility,"Percentage of population with cycling access within 5000 m to a 'complete' activity centre: a network location whose walkable catchment (default 400 m) contains at least one high-amenity (strict) destination of each category (food, public open space, public transport), using a fully low-stress route (Level of Traffic Stress 1–2)",pct_access_cycle_safe_activity_centre_complete_5000m,percent,percentage,"grid, custom: agebs, custom: manzanas, custom: condesa_lotes, custom: condesa_fraccionamientos, custom: region_mexicali, custom: region_condesa"
Indicator estimates: cycling accessibility,"Percentage of population with cycling access within 5000 m to a fresh food market / supermarket (source: OpenStreetMap or custom data), using a danger-weighted route over the full cycling network (higher-stress links usable at a proportionate distance penalty)",pct_access_cycle_fresh_food_market_5000m,percent,percentage,"grid, custom: agebs, custom: manzanas, custom: condesa_lotes, custom: condesa_fraccionamientos, custom: region_mexicali, custom: region_condesa"
Indicator estimates: cycling accessibility,"Percentage of population with cycling access within 5000 m to a fresh food market, supermarket or convenience store (pooled fresh food destinations), using a danger-weighted route over the full cycling network (higher-stress links usable at a proportionate distance penalty)",pct_access_cycle_fresh_food_pooled_5000m,percent,percentage,"grid, custom: agebs, custom: manzanas, custom: condesa_lotes, custom: condesa_fraccionamientos, custom: region_mexicali, custom: region_condesa"
Indicator estimates: cycling accessibility,"Percentage of population with cycling access within 5000 m to a public open space larger than 1.5 hectares (source: OpenStreetMap), using a danger-weighted route over the full cycling network (higher-stress links usable at a proportionate distance penalty)",pct_access_cycle_public_open_space_large_5000m,percent,percentage,"grid, custom: agebs, custom: manzanas, custom: condesa_lotes, custom: condesa_fraccionamientos, custom: region_mexicali, custom: region_condesa"
Indicator estimates: cycling accessibility,"Percentage of population with cycling access within 5000 m to any public open space (source: OpenStreetMap), using a danger-weighted route over the full cycling network (higher-stress links usable at a proportionate distance penalty)",pct_access_cycle_public_open_space_any_5000m,percent,percentage,"grid, custom: agebs, custom: manzanas, custom: condesa_lotes, custom: condesa_fraccionamientos, custom: region_mexicali, custom: region_condesa"
Indicator estimates: cycling accessibility,"Percentage of population with cycling access within 5000 m to any public transport stop (best result of GTFS and OpenStreetMap/custom sources), using a danger-weighted route over the full cycling network (higher-stress links usable at a proportionate distance penalty)",pct_access_cycle_pt_any_5000m,percent,percentage,"grid, custom: agebs, custom: manzanas, custom: condesa_lotes, custom: condesa_fraccionamientos, custom: region_mexicali, custom: region_condesa"
Indicator estimates: cycling accessibility,"Percentage of population with cycling access within 5000 m to a 'local' activity centre: a network location whose walkable catchment (default 400 m) contains at least one everyday (lenient) destination of each category (food, public open space, public transport), using a danger-weighted route over the full cycling network (higher-stress links usable at a proportionate distance penalty)",pct_access_cycle_activity_centre_local_5000m,percent,percentage,"grid, custom: agebs, custom: manzanas, custom: condesa_lotes, custom: condesa_fraccionamientos, custom: region_mexicali, custom: region_condesa"
Indicator estimates: cycling accessibility,"Percentage of population with cycling access within 5000 m to a 'complete' activity centre: a network location whose walkable catchment (default 400 m) contains at least one high-amenity (strict) destination of each category (food, public open space, public transport), using a danger-weighted route over the full cycling network (higher-stress links usable at a proportionate distance penalty)",pct_access_cycle_activity_centre_complete_5000m,percent,percentage,"grid, custom: agebs, custom: manzanas, custom: condesa_lotes, custom: condesa_fraccionamientos, custom: region_mexicali, custom: region_condesa"
Indicator estimates: cycling accessibility,"Percentage of population with cycling access within 500 m to all core destination categories at their strict variant (fresh food market, large public open space, frequent public transport), using a fully low-stress route (Level of Traffic Stress 1–2)",pct_access_cycle_safe_all_strict_500m,percent,percentage,"grid, custom: agebs, custom: manzanas, custom: condesa_lotes, custom: condesa_fraccionamientos, custom: region_mexicali, custom: region_condesa"
Indicator estimates: cycling accessibility,"Percentage of population with cycling access within 1000 m to all core destination categories at their strict variant (fresh food market, large public open space, frequent public transport), using a fully low-stress route (Level of Traffic Stress 1–2)",pct_access_cycle_safe_all_strict_1000m,percent,percentage,"grid, custom: agebs, custom: manzanas, custom: condesa_lotes, custom: condesa_fraccionamientos, custom: region_mexicali, custom: region_condesa"
Indicator estimates: cycling accessibility,"Percentage of population with cycling access within 2000 m to all core destination categories at their strict variant (fresh food market, large public open space, frequent public transport), using a fully low-stress route (Level of Traffic Stress 1–2)",pct_access_cycle_safe_all_strict_2000m,percent,percentage,"grid, custom: agebs, custom: manzanas, custom: condesa_lotes, custom: condesa_fraccionamientos, custom: region_mexicali, custom: region_condesa"
Indicator estimates: cycling accessibility,"Percentage of population with cycling access within 5000 m to all core destination categories at their strict variant (fresh food market, large public open space, frequent public transport), using a fully low-stress route (Level of Traffic Stress 1–2)",pct_access_cycle_safe_all_strict_5000m,percent,percentage,"grid, custom: agebs, custom: manzanas, custom: condesa_lotes, custom: condesa_fraccionamientos, custom: region_mexicali, custom: region_condesa"
Indicator estimates: cycling accessibility,"Percentage of population with cycling access within 500 m to all core destination categories at their strict variant (fresh food market, large public open space, frequent public transport), using a danger-weighted route over the full cycling network (higher-stress links usable at a proportionate distance penalty)",pct_access_cycle_all_strict_500m,percent,percentage,"grid, custom: agebs, custom: manzanas, custom: condesa_lotes, custom: condesa_fraccionamientos, custom: region_mexicali, custom: region_condesa"
Indicator estimates: cycling accessibility,"Percentage of population with cycling access within 1000 m to all core destination categories at their strict variant (fresh food market, large public open space, frequent public transport), using a danger-weighted route over the full cycling network (higher-stress links usable at a proportionate distance penalty)",pct_access_cycle_all_strict_1000m,percent,percentage,"grid, custom: agebs, custom: manzanas, custom: condesa_lotes, custom: condesa_fraccionamientos, custom: region_mexicali, custom: region_condesa"
Indicator estimates: cycling accessibility,"Percentage of population with cycling access within 2000 m to all core destination categories at their strict variant (fresh food market, large public open space, frequent public transport), using a danger-weighted route over the full cycling network (higher-stress links usable at a proportionate distance penalty)",pct_access_cycle_all_strict_2000m,percent,percentage,"grid, custom: agebs, custom: manzanas, custom: condesa_lotes, custom: condesa_fraccionamientos, custom: region_mexicali, custom: region_condesa"
Indicator estimates: cycling accessibility,"Percentage of population with cycling access within 5000 m to all core destination categories at their strict variant (fresh food market, large public open space, frequent public transport), using a danger-weighted route over the full cycling network (higher-stress links usable at a proportionate distance penalty)",pct_access_cycle_all_strict_5000m,percent,percentage,"grid, custom: agebs, custom: manzanas, custom: condesa_lotes, custom: condesa_fraccionamientos, custom: region_mexicali, custom: region_condesa"
Indicator estimates: cycling accessibility,"Percentage of population with cycling access within 500 m to all core destination categories at their lenient variant (pooled fresh food, any public open space, any public transport), using a fully low-stress route (Level of Traffic Stress 1–2)",pct_access_cycle_safe_all_lenient_500m,percent,percentage,"grid, custom: agebs, custom: manzanas, custom: condesa_lotes, custom: condesa_fraccionamientos, custom: region_mexicali, custom: region_condesa"
Indicator estimates: cycling accessibility,"Percentage of population with cycling access within 1000 m to all core destination categories at their lenient variant (pooled fresh food, any public open space, any public transport), using a fully low-stress route (Level of Traffic Stress 1–2)",pct_access_cycle_safe_all_lenient_1000m,percent,percentage,"grid, custom: agebs, custom: manzanas, custom: condesa_lotes, custom: condesa_fraccionamientos, custom: region_mexicali, custom: region_condesa"
Indicator estimates: cycling accessibility,"Percentage of population with cycling access within 2000 m to all core destination categories at their lenient variant (pooled fresh food, any public open space, any public transport), using a fully low-stress route (Level of Traffic Stress 1–2)",pct_access_cycle_safe_all_lenient_2000m,percent,percentage,"grid, custom: agebs, custom: manzanas, custom: condesa_lotes, custom: condesa_fraccionamientos, custom: region_mexicali, custom: region_condesa"
Indicator estimates: cycling accessibility,"Percentage of population with cycling access within 5000 m to all core destination categories at their lenient variant (pooled fresh food, any public open space, any public transport), using a fully low-stress route (Level of Traffic Stress 1–2)",pct_access_cycle_safe_all_lenient_5000m,percent,percentage,"grid, custom: agebs, custom: manzanas, custom: condesa_lotes, custom: condesa_fraccionamientos, custom: region_mexicali, custom: region_condesa"
Indicator estimates: cycling accessibility,"Percentage of population with cycling access within 500 m to all core destination categories at their lenient variant (pooled fresh food, any public open space, any public transport), using a danger-weighted route over the full cycling network (higher-stress links usable at a proportionate distance penalty)",pct_access_cycle_all_lenient_500m,percent,percentage,"grid, custom: agebs, custom: manzanas, custom: condesa_lotes, custom: condesa_fraccionamientos, custom: region_mexicali, custom: region_condesa"
Indicator estimates: cycling accessibility,"Percentage of population with cycling access within 1000 m to all core destination categories at their lenient variant (pooled fresh food, any public open space, any public transport), using a danger-weighted route over the full cycling network (higher-stress links usable at a proportionate distance penalty)",pct_access_cycle_all_lenient_1000m,percent,percentage,"grid, custom: agebs, custom: manzanas, custom: condesa_lotes, custom: condesa_fraccionamientos, custom: region_mexicali, custom: region_condesa"
Indicator estimates: cycling accessibility,"Percentage of population with cycling access within 2000 m to all core destination categories at their lenient variant (pooled fresh food, any public open space, any public transport), using a danger-weighted route over the full cycling network (higher-stress links usable at a proportionate distance penalty)",pct_access_cycle_all_lenient_2000m,percent,percentage,"grid, custom: agebs, custom: manzanas, custom: condesa_lotes, custom: condesa_fraccionamientos, custom: region_mexicali, custom: region_condesa"
Indicator estimates: cycling accessibility,"Percentage of population with cycling access within 5000 m to all core destination categories at their lenient variant (pooled fresh food, any public open space, any public transport), using a danger-weighted route over the full cycling network (higher-stress links usable at a proportionate distance penalty)",pct_access_cycle_all_lenient_5000m,percent,percentage,"grid, custom: agebs, custom: manzanas, custom: condesa_lotes, custom: condesa_fraccionamientos, custom: region_mexicali, custom: region_condesa"
Indicator estimates: cycling accessibility,"Distance (m) by cycling to the nearest fresh food market / supermarket (source: OpenStreetMap or custom data), using a fully low-stress route (Level of Traffic Stress 1–2)",sp_cycle_safe_nearest_node_fresh_food_market,metres,value,sample point (cycling)
Indicator estimates: cycling accessibility,"Distance (m) by cycling to the nearest fresh food market, supermarket or convenience store (pooled fresh food destinations), using a fully low-stress route (Level of Traffic Stress 1–2)",sp_cycle_safe_nearest_node_fresh_food_pooled,metres,value,sample point (cycling)
Indicator estimates: cycling accessibility,"Distance (m) by cycling to the nearest public open space larger than 1.5 hectares (source: OpenStreetMap), using a fully low-stress route (Level of Traffic Stress 1–2)",sp_cycle_safe_nearest_node_public_open_space_large,metres,value,sample point (cycling)
Indicator estimates: cycling accessibility,"Distance (m) by cycling to the nearest public open space (source: OpenStreetMap), using a fully low-stress route (Level of Traffic Stress 1–2)",sp_cycle_safe_nearest_node_public_open_space_any,metres,value,sample point (cycling)
Indicator estimates: cycling accessibility,"Distance (m) by cycling to the nearest public transport stop (best result of GTFS and OpenStreetMap/custom sources), using a fully low-stress route (Level of Traffic Stress 1–2)",sp_cycle_safe_nearest_node_pt_any,metres,value,sample point (cycling)
Indicator estimates: cycling accessibility,"Distance (m) by cycling to the nearest 'local' activity centre: a network location whose walkable catchment (default 400 m) contains at least one everyday (lenient) destination of each category (food, public open space, public transport), using a fully low-stress route (Level of Traffic Stress 1–2)",sp_cycle_safe_nearest_node_activity_centre_local,metres,value,sample point (cycling)
Indicator estimates: cycling accessibility,"Distance (m) by cycling to the nearest 'complete' activity centre: a network location whose walkable catchment (default 400 m) contains at least one high-amenity (strict) destination of each category (food, public open space, public transport), using a fully low-stress route (Level of Traffic Stress 1–2)",sp_cycle_safe_nearest_node_activity_centre_complete,metres,value,sample point (cycling)
Indicator estimates: cycling accessibility,"Distance (m) by cycling to the nearest fresh food market / supermarket (source: OpenStreetMap or custom data), using a danger-weighted route over the full cycling network (higher-stress links usable at a proportionate distance penalty)",sp_cycle_nearest_node_fresh_food_market,metres,value,sample point (cycling)
Indicator estimates: cycling accessibility,"Distance (m) by cycling to the nearest fresh food market, supermarket or convenience store (pooled fresh food destinations), using a danger-weighted route over the full cycling network (higher-stress links usable at a proportionate distance penalty)",sp_cycle_nearest_node_fresh_food_pooled,metres,value,sample point (cycling)
Indicator estimates: cycling accessibility,"Distance (m) by cycling to the nearest public open space larger than 1.5 hectares (source: OpenStreetMap), using a danger-weighted route over the full cycling network (higher-stress links usable at a proportionate distance penalty)",sp_cycle_nearest_node_public_open_space_large,metres,value,sample point (cycling)
Indicator estimates: cycling accessibility,"Distance (m) by cycling to the nearest public open space (source: OpenStreetMap), using a danger-weighted route over the full cycling network (higher-stress links usable at a proportionate distance penalty)",sp_cycle_nearest_node_public_open_space_any,metres,value,sample point (cycling)
Indicator estimates: cycling accessibility,"Distance (m) by cycling to the nearest public transport stop (best result of GTFS and OpenStreetMap/custom sources), using a danger-weighted route over the full cycling network (higher-stress links usable at a proportionate distance penalty)",sp_cycle_nearest_node_pt_any,metres,value,sample point (cycling)
Indicator estimates: cycling accessibility,"Distance (m) by cycling to the nearest 'local' activity centre: a network location whose walkable catchment (default 400 m) contains at least one everyday (lenient) destination of each category (food, public open space, public transport), using a danger-weighted route over the full cycling network (higher-stress links usable at a proportionate distance penalty)",sp_cycle_nearest_node_activity_centre_local,metres,value,sample point (cycling)
Indicator estimates: cycling accessibility,"Distance (m) by cycling to the nearest 'complete' activity centre: a network location whose walkable catchment (default 400 m) contains at least one high-amenity (strict) destination of each category (food, public open space, public transport), using a danger-weighted route over the full cycling network (higher-stress links usable at a proportionate distance penalty)",sp_cycle_nearest_node_activity_centre_complete,metres,value,sample point (cycling)
Indicator estimates: cycling accessibility,"Score (0/1): a fresh food market / supermarket (source: OpenStreetMap or custom data) is reachable within 500 m by cycling, using a fully low-stress route (Level of Traffic Stress 1–2)",sp_cycle_safe_access_fresh_food_market_500m,score 0-1,value,sample point (cycling)
Indicator estimates: cycling accessibility,"Score (0/1): a fresh food market, supermarket or convenience store (pooled fresh food destinations) is reachable within 500 m by cycling, using a fully low-stress route (Level of Traffic Stress 1–2)",sp_cycle_safe_access_fresh_food_pooled_500m,score 0-1,value,sample point (cycling)
Indicator estimates: cycling accessibility,"Score (0/1): a public open space larger than 1.5 hectares (source: OpenStreetMap) is reachable within 500 m by cycling, using a fully low-stress route (Level of Traffic Stress 1–2)",sp_cycle_safe_access_public_open_space_large_500m,score 0-1,value,sample point (cycling)
Indicator estimates: cycling accessibility,"Score (0/1): any public open space (source: OpenStreetMap) is reachable within 500 m by cycling, using a fully low-stress route (Level of Traffic Stress 1–2)",sp_cycle_safe_access_public_open_space_any_500m,score 0-1,value,sample point (cycling)
Indicator estimates: cycling accessibility,"Score (0/1): any public transport stop (best result of GTFS and OpenStreetMap/custom sources) is reachable within 500 m by cycling, using a fully low-stress route (Level of Traffic Stress 1–2)",sp_cycle_safe_access_pt_any_500m,score 0-1,value,sample point (cycling)
Indicator estimates: cycling accessibility,"Score (0/1): a 'local' activity centre: a network location whose walkable catchment (default 400 m) contains at least one everyday (lenient) destination of each category (food, public open space, public transport) is reachable within 500 m by cycling, using a fully low-stress route (Level of Traffic Stress 1–2)",sp_cycle_safe_access_activity_centre_local_500m,score 0-1,value,sample point (cycling)
Indicator estimates: cycling accessibility,"Score (0/1): a 'complete' activity centre: a network location whose walkable catchment (default 400 m) contains at least one high-amenity (strict) destination of each category (food, public open space, public transport) is reachable within 500 m by cycling, using a fully low-stress route (Level of Traffic Stress 1–2)",sp_cycle_safe_access_activity_centre_complete_500m,score 0-1,value,sample point (cycling)
Indicator estimates: cycling accessibility,"Score (0/1): a fresh food market / supermarket (source: OpenStreetMap or custom data) is reachable within 500 m by cycling, using a danger-weighted route over the full cycling network (higher-stress links usable at a proportionate distance penalty)",sp_cycle_access_fresh_food_market_500m,score 0-1,value,sample point (cycling)
Indicator estimates: cycling accessibility,"Score (0/1): a fresh food market, supermarket or convenience store (pooled fresh food destinations) is reachable within 500 m by cycling, using a danger-weighted route over the full cycling network (higher-stress links usable at a proportionate distance penalty)",sp_cycle_access_fresh_food_pooled_500m,score 0-1,value,sample point (cycling)
Indicator estimates: cycling accessibility,"Score (0/1): a public open space larger than 1.5 hectares (source: OpenStreetMap) is reachable within 500 m by cycling, using a danger-weighted route over the full cycling network (higher-stress links usable at a proportionate distance penalty)",sp_cycle_access_public_open_space_large_500m,score 0-1,value,sample point (cycling)
Indicator estimates: cycling accessibility,"Score (0/1): any public open space (source: OpenStreetMap) is reachable within 500 m by cycling, using a danger-weighted route over the full cycling network (higher-stress links usable at a proportionate distance penalty)",sp_cycle_access_public_open_space_any_500m,score 0-1,value,sample point (cycling)
Indicator estimates: cycling accessibility,"Score (0/1): any public transport stop (best result of GTFS and OpenStreetMap/custom sources) is reachable within 500 m by cycling, using a danger-weighted route over the full cycling network (higher-stress links usable at a proportionate distance penalty)",sp_cycle_access_pt_any_500m,score 0-1,value,sample point (cycling)
Indicator estimates: cycling accessibility,"Score (0/1): a 'local' activity centre: a network location whose walkable catchment (default 400 m) contains at least one everyday (lenient) destination of each category (food, public open space, public transport) is reachable within 500 m by cycling, using a danger-weighted route over the full cycling network (higher-stress links usable at a proportionate distance penalty)",sp_cycle_access_activity_centre_local_500m,score 0-1,value,sample point (cycling)
Indicator estimates: cycling accessibility,"Score (0/1): a 'complete' activity centre: a network location whose walkable catchment (default 400 m) contains at least one high-amenity (strict) destination of each category (food, public open space, public transport) is reachable within 500 m by cycling, using a danger-weighted route over the full cycling network (higher-stress links usable at a proportionate distance penalty)",sp_cycle_access_activity_centre_complete_500m,score 0-1,value,sample point (cycling)
Indicator estimates: cycling accessibility,"Score (0/1): a fresh food market / supermarket (source: OpenStreetMap or custom data) is reachable within 1000 m by cycling, using a fully low-stress route (Level of Traffic Stress 1–2)",sp_cycle_safe_access_fresh_food_market_1000m,score 0-1,value,sample point (cycling)
Indicator estimates: cycling accessibility,"Score (0/1): a fresh food market, supermarket or convenience store (pooled fresh food destinations) is reachable within 1000 m by cycling, using a fully low-stress route (Level of Traffic Stress 1–2)",sp_cycle_safe_access_fresh_food_pooled_1000m,score 0-1,value,sample point (cycling)
Indicator estimates: cycling accessibility,"Score (0/1): a public open space larger than 1.5 hectares (source: OpenStreetMap) is reachable within 1000 m by cycling, using a fully low-stress route (Level of Traffic Stress 1–2)",sp_cycle_safe_access_public_open_space_large_1000m,score 0-1,value,sample point (cycling)
Indicator estimates: cycling accessibility,"Score (0/1): any public open space (source: OpenStreetMap) is reachable within 1000 m by cycling, using a fully low-stress route (Level of Traffic Stress 1–2)",sp_cycle_safe_access_public_open_space_any_1000m,score 0-1,value,sample point (cycling)
Indicator estimates: cycling accessibility,"Score (0/1): any public transport stop (best result of GTFS and OpenStreetMap/custom sources) is reachable within 1000 m by cycling, using a fully low-stress route (Level of Traffic Stress 1–2)",sp_cycle_safe_access_pt_any_1000m,score 0-1,value,sample point (cycling)
Indicator estimates: cycling accessibility,"Score (0/1): a 'local' activity centre: a network location whose walkable catchment (default 400 m) contains at least one everyday (lenient) destination of each category (food, public open space, public transport) is reachable within 1000 m by cycling, using a fully low-stress route (Level of Traffic Stress 1–2)",sp_cycle_safe_access_activity_centre_local_1000m,score 0-1,value,sample point (cycling)
Indicator estimates: cycling accessibility,"Score (0/1): a 'complete' activity centre: a network location whose walkable catchment (default 400 m) contains at least one high-amenity (strict) destination of each category (food, public open space, public transport) is reachable within 1000 m by cycling, using a fully low-stress route (Level of Traffic Stress 1–2)",sp_cycle_safe_access_activity_centre_complete_1000m,score 0-1,value,sample point (cycling)
Indicator estimates: cycling accessibility,"Score (0/1): a fresh food market / supermarket (source: OpenStreetMap or custom data) is reachable within 1000 m by cycling, using a danger-weighted route over the full cycling network (higher-stress links usable at a proportionate distance penalty)",sp_cycle_access_fresh_food_market_1000m,score 0-1,value,sample point (cycling)
Indicator estimates: cycling accessibility,"Score (0/1): a fresh food market, supermarket or convenience store (pooled fresh food destinations) is reachable within 1000 m by cycling, using a danger-weighted route over the full cycling network (higher-stress links usable at a proportionate distance penalty)",sp_cycle_access_fresh_food_pooled_1000m,score 0-1,value,sample point (cycling)
Indicator estimates: cycling accessibility,"Score (0/1): a public open space larger than 1.5 hectares (source: OpenStreetMap) is reachable within 1000 m by cycling, using a danger-weighted route over the full cycling network (higher-stress links usable at a proportionate distance penalty)",sp_cycle_access_public_open_space_large_1000m,score 0-1,value,sample point (cycling)
Indicator estimates: cycling accessibility,"Score (0/1): any public open space (source: OpenStreetMap) is reachable within 1000 m by cycling, using a danger-weighted route over the full cycling network (higher-stress links usable at a proportionate distance penalty)",sp_cycle_access_public_open_space_any_1000m,score 0-1,value,sample point (cycling)
Indicator estimates: cycling accessibility,"Score (0/1): any public transport stop (best result of GTFS and OpenStreetMap/custom sources) is reachable within 1000 m by cycling, using a danger-weighted route over the full cycling network (higher-stress links usable at a proportionate distance penalty)",sp_cycle_access_pt_any_1000m,score 0-1,value,sample point (cycling)
Indicator estimates: cycling accessibility,"Score (0/1): a 'local' activity centre: a network location whose walkable catchment (default 400 m) contains at least one everyday (lenient) destination of each category (food, public open space, public transport) is reachable within 1000 m by cycling, using a danger-weighted route over the full cycling network (higher-stress links usable at a proportionate distance penalty)",sp_cycle_access_activity_centre_local_1000m,score 0-1,value,sample point (cycling)
Indicator estimates: cycling accessibility,"Score (0/1): a 'complete' activity centre: a network location whose walkable catchment (default 400 m) contains at least one high-amenity (strict) destination of each category (food, public open space, public transport) is reachable within 1000 m by cycling, using a danger-weighted route over the full cycling network (higher-stress links usable at a proportionate distance penalty)",sp_cycle_access_activity_centre_complete_1000m,score 0-1,value,sample point (cycling)
Indicator estimates: cycling accessibility,"Score (0/1): a fresh food market / supermarket (source: OpenStreetMap or custom data) is reachable within 2000 m by cycling, using a fully low-stress route (Level of Traffic Stress 1–2)",sp_cycle_safe_access_fresh_food_market_2000m,score 0-1,value,sample point (cycling)
Indicator estimates: cycling accessibility,"Score (0/1): a fresh food market, supermarket or convenience store (pooled fresh food destinations) is reachable within 2000 m by cycling, using a fully low-stress route (Level of Traffic Stress 1–2)",sp_cycle_safe_access_fresh_food_pooled_2000m,score 0-1,value,sample point (cycling)
Indicator estimates: cycling accessibility,"Score (0/1): a public open space larger than 1.5 hectares (source: OpenStreetMap) is reachable within 2000 m by cycling, using a fully low-stress route (Level of Traffic Stress 1–2)",sp_cycle_safe_access_public_open_space_large_2000m,score 0-1,value,sample point (cycling)
Indicator estimates: cycling accessibility,"Score (0/1): any public open space (source: OpenStreetMap) is reachable within 2000 m by cycling, using a fully low-stress route (Level of Traffic Stress 1–2)",sp_cycle_safe_access_public_open_space_any_2000m,score 0-1,value,sample point (cycling)
Indicator estimates: cycling accessibility,"Score (0/1): any public transport stop (best result of GTFS and OpenStreetMap/custom sources) is reachable within 2000 m by cycling, using a fully low-stress route (Level of Traffic Stress 1–2)",sp_cycle_safe_access_pt_any_2000m,score 0-1,value,sample point (cycling)
Indicator estimates: cycling accessibility,"Score (0/1): a 'local' activity centre: a network location whose walkable catchment (default 400 m) contains at least one everyday (lenient) destination of each category (food, public open space, public transport) is reachable within 2000 m by cycling, using a fully low-stress route (Level of Traffic Stress 1–2)",sp_cycle_safe_access_activity_centre_local_2000m,score 0-1,value,sample point (cycling)
Indicator estimates: cycling accessibility,"Score (0/1): a 'complete' activity centre: a network location whose walkable catchment (default 400 m) contains at least one high-amenity (strict) destination of each category (food, public open space, public transport) is reachable within 2000 m by cycling, using a fully low-stress route (Level of Traffic Stress 1–2)",sp_cycle_safe_access_activity_centre_complete_2000m,score 0-1,value,sample point (cycling)
Indicator estimates: cycling accessibility,"Score (0/1): a fresh food market / supermarket (source: OpenStreetMap or custom data) is reachable within 2000 m by cycling, using a danger-weighted route over the full cycling network (higher-stress links usable at a proportionate distance penalty)",sp_cycle_access_fresh_food_market_2000m,score 0-1,value,sample point (cycling)
Indicator estimates: cycling accessibility,"Score (0/1): a fresh food market, supermarket or convenience store (pooled fresh food destinations) is reachable within 2000 m by cycling, using a danger-weighted route over the full cycling network (higher-stress links usable at a proportionate distance penalty)",sp_cycle_access_fresh_food_pooled_2000m,score 0-1,value,sample point (cycling)
Indicator estimates: cycling accessibility,"Score (0/1): a public open space larger than 1.5 hectares (source: OpenStreetMap) is reachable within 2000 m by cycling, using a danger-weighted route over the full cycling network (higher-stress links usable at a proportionate distance penalty)",sp_cycle_access_public_open_space_large_2000m,score 0-1,value,sample point (cycling)
Indicator estimates: cycling accessibility,"Score (0/1): any public open space (source: OpenStreetMap) is reachable within 2000 m by cycling, using a danger-weighted route over the full cycling network (higher-stress links usable at a proportionate distance penalty)",sp_cycle_access_public_open_space_any_2000m,score 0-1,value,sample point (cycling)
Indicator estimates: cycling accessibility,"Score (0/1): any public transport stop (best result of GTFS and OpenStreetMap/custom sources) is reachable within 2000 m by cycling, using a danger-weighted route over the full cycling network (higher-stress links usable at a proportionate distance penalty)",sp_cycle_access_pt_any_2000m,score 0-1,value,sample point (cycling)
Indicator estimates: cycling accessibility,"Score (0/1): a 'local' activity centre: a network location whose walkable catchment (default 400 m) contains at least one everyday (lenient) destination of each category (food, public open space, public transport) is reachable within 2000 m by cycling, using a danger-weighted route over the full cycling network (higher-stress links usable at a proportionate distance penalty)",sp_cycle_access_activity_centre_local_2000m,score 0-1,value,sample point (cycling)
Indicator estimates: cycling accessibility,"Score (0/1): a 'complete' activity centre: a network location whose walkable catchment (default 400 m) contains at least one high-amenity (strict) destination of each category (food, public open space, public transport) is reachable within 2000 m by cycling, using a danger-weighted route over the full cycling network (higher-stress links usable at a proportionate distance penalty)",sp_cycle_access_activity_centre_complete_2000m,score 0-1,value,sample point (cycling)
Indicator estimates: cycling accessibility,"Score (0/1): a fresh food market / supermarket (source: OpenStreetMap or custom data) is reachable within 5000 m by cycling, using a fully low-stress route (Level of Traffic Stress 1–2)",sp_cycle_safe_access_fresh_food_market_5000m,score 0-1,value,sample point (cycling)
Indicator estimates: cycling accessibility,"Score (0/1): a fresh food market, supermarket or convenience store (pooled fresh food destinations) is reachable within 5000 m by cycling, using a fully low-stress route (Level of Traffic Stress 1–2)",sp_cycle_safe_access_fresh_food_pooled_5000m,score 0-1,value,sample point (cycling)
Indicator estimates: cycling accessibility,"Score (0/1): a public open space larger than 1.5 hectares (source: OpenStreetMap) is reachable within 5000 m by cycling, using a fully low-stress route (Level of Traffic Stress 1–2)",sp_cycle_safe_access_public_open_space_large_5000m,score 0-1,value,sample point (cycling)
Indicator estimates: cycling accessibility,"Score (0/1): any public open space (source: OpenStreetMap) is reachable within 5000 m by cycling, using a fully low-stress route (Level of Traffic Stress 1–2)",sp_cycle_safe_access_public_open_space_any_5000m,score 0-1,value,sample point (cycling)
Indicator estimates: cycling accessibility,"Score (0/1): any public transport stop (best result of GTFS and OpenStreetMap/custom sources) is reachable within 5000 m by cycling, using a fully low-stress route (Level of Traffic Stress 1–2)",sp_cycle_safe_access_pt_any_5000m,score 0-1,value,sample point (cycling)
Indicator estimates: cycling accessibility,"Score (0/1): a 'local' activity centre: a network location whose walkable catchment (default 400 m) contains at least one everyday (lenient) destination of each category (food, public open space, public transport) is reachable within 5000 m by cycling, using a fully low-stress route (Level of Traffic Stress 1–2)",sp_cycle_safe_access_activity_centre_local_5000m,score 0-1,value,sample point (cycling)
Indicator estimates: cycling accessibility,"Score (0/1): a 'complete' activity centre: a network location whose walkable catchment (default 400 m) contains at least one high-amenity (strict) destination of each category (food, public open space, public transport) is reachable within 5000 m by cycling, using a fully low-stress route (Level of Traffic Stress 1–2)",sp_cycle_safe_access_activity_centre_complete_5000m,score 0-1,value,sample point (cycling)
Indicator estimates: cycling accessibility,"Score (0/1): a fresh food market / supermarket (source: OpenStreetMap or custom data) is reachable within 5000 m by cycling, using a danger-weighted route over the full cycling network (higher-stress links usable at a proportionate distance penalty)",sp_cycle_access_fresh_food_market_5000m,score 0-1,value,sample point (cycling)
Indicator estimates: cycling accessibility,"Score (0/1): a fresh food market, supermarket or convenience store (pooled fresh food destinations) is reachable within 5000 m by cycling, using a danger-weighted route over the full cycling network (higher-stress links usable at a proportionate distance penalty)",sp_cycle_access_fresh_food_pooled_5000m,score 0-1,value,sample point (cycling)
Indicator estimates: cycling accessibility,"Score (0/1): a public open space larger than 1.5 hectares (source: OpenStreetMap) is reachable within 5000 m by cycling, using a danger-weighted route over the full cycling network (higher-stress links usable at a proportionate distance penalty)",sp_cycle_access_public_open_space_large_5000m,score 0-1,value,sample point (cycling)
Indicator estimates: cycling accessibility,"Score (0/1): any public open space (source: OpenStreetMap) is reachable within 5000 m by cycling, using a danger-weighted route over the full cycling network (higher-stress links usable at a proportionate distance penalty)",sp_cycle_access_public_open_space_any_5000m,score 0-1,value,sample point (cycling)
Indicator estimates: cycling accessibility,"Score (0/1): any public transport stop (best result of GTFS and OpenStreetMap/custom sources) is reachable within 5000 m by cycling, using a danger-weighted route over the full cycling network (higher-stress links usable at a proportionate distance penalty)",sp_cycle_access_pt_any_5000m,score 0-1,value,sample point (cycling)
Indicator estimates: cycling accessibility,"Score (0/1): a 'local' activity centre: a network location whose walkable catchment (default 400 m) contains at least one everyday (lenient) destination of each category (food, public open space, public transport) is reachable within 5000 m by cycling, using a danger-weighted route over the full cycling network (higher-stress links usable at a proportionate distance penalty)",sp_cycle_access_activity_centre_local_5000m,score 0-1,value,sample point (cycling)
Indicator estimates: cycling accessibility,"Score (0/1): a 'complete' activity centre: a network location whose walkable catchment (default 400 m) contains at least one high-amenity (strict) destination of each category (food, public open space, public transport) is reachable within 5000 m by cycling, using a danger-weighted route over the full cycling network (higher-stress links usable at a proportionate distance penalty)",sp_cycle_access_activity_centre_complete_5000m,score 0-1,value,sample point (cycling)
Indicator estimates: cycling accessibility,"Score (0/1): all core destination categories at their strict variant (fresh food market, large public open space, frequent public transport) is reachable within 500 m by cycling, using a fully low-stress route (Level of Traffic Stress 1–2)",sp_cycle_safe_access_all_strict_500m,score 0-1,value,sample point (cycling)
Indicator estimates: cycling accessibility,"Score (0/1): all core destination categories at their strict variant (fresh food market, large public open space, frequent public transport) is reachable within 1000 m by cycling, using a fully low-stress route (Level of Traffic Stress 1–2)",sp_cycle_safe_access_all_strict_1000m,score 0-1,value,sample point (cycling)
Indicator estimates: cycling accessibility,"Score (0/1): all core destination categories at their strict variant (fresh food market, large public open space, frequent public transport) is reachable within 2000 m by cycling, using a fully low-stress route (Level of Traffic Stress 1–2)",sp_cycle_safe_access_all_strict_2000m,score 0-1,value,sample point (cycling)
Indicator estimates: cycling accessibility,"Score (0/1): all core destination categories at their strict variant (fresh food market, large public open space, frequent public transport) is reachable within 5000 m by cycling, using a fully low-stress route (Level of Traffic Stress 1–2)",sp_cycle_safe_access_all_strict_5000m,score 0-1,value,sample point (cycling)
Indicator estimates: cycling accessibility,"Score (0/1): all core destination categories at their strict variant (fresh food market, large public open space, frequent public transport) is reachable within 500 m by cycling, using a danger-weighted route over the full cycling network (higher-stress links usable at a proportionate distance penalty)",sp_cycle_access_all_strict_500m,score 0-1,value,sample point (cycling)
Indicator estimates: cycling accessibility,"Score (0/1): all core destination categories at their strict variant (fresh food market, large public open space, frequent public transport) is reachable within 1000 m by cycling, using a danger-weighted route over the full cycling network (higher-stress links usable at a proportionate distance penalty)",sp_cycle_access_all_strict_1000m,score 0-1,value,sample point (cycling)
Indicator estimates: cycling accessibility,"Score (0/1): all core destination categories at their strict variant (fresh food market, large public open space, frequent public transport) is reachable within 2000 m by cycling, using a danger-weighted route over the full cycling network (higher-stress links usable at a proportionate distance penalty)",sp_cycle_access_all_strict_2000m,score 0-1,value,sample point (cycling)
Indicator estimates: cycling accessibility,"Score (0/1): all core destination categories at their strict variant (fresh food market, large public open space, frequent public transport) is reachable within 5000 m by cycling, using a danger-weighted route over the full cycling network (higher-stress links usable at a proportionate distance penalty)",sp_cycle_access_all_strict_5000m,score 0-1,value,sample point (cycling)
Indicator estimates: cycling accessibility,"Score (0/1): all core destination categories at their lenient variant (pooled fresh food, any public open space, any public transport) is reachable within 500 m by cycling, using a fully low-stress route (Level of Traffic Stress 1–2)",sp_cycle_safe_access_all_lenient_500m,score 0-1,value,sample point (cycling)
Indicator estimates: cycling accessibility,"Score (0/1): all core destination categories at their lenient variant (pooled fresh food, any public open space, any public transport) is reachable within 1000 m by cycling, using a fully low-stress route (Level of Traffic Stress 1–2)",sp_cycle_safe_access_all_lenient_1000m,score 0-1,value,sample point (cycling)
Indicator estimates: cycling accessibility,"Score (0/1): all core destination categories at their lenient variant (pooled fresh food, any public open space, any public transport) is reachable within 2000 m by cycling, using a fully low-stress route (Level of Traffic Stress 1–2)",sp_cycle_safe_access_all_lenient_2000m,score 0-1,value,sample point (cycling)
Indicator estimates: cycling accessibility,"Score (0/1): all core destination categories at their lenient variant (pooled fresh food, any public open space, any public transport) is reachable within 5000 m by cycling, using a fully low-stress route (Level of Traffic Stress 1–2)",sp_cycle_safe_access_all_lenient_5000m,score 0-1,value,sample point (cycling)
Indicator estimates: cycling accessibility,"Score (0/1): all core destination categories at their lenient variant (pooled fresh food, any public open space, any public transport) is reachable within 500 m by cycling, using a danger-weighted route over the full cycling network (higher-stress links usable at a proportionate distance penalty)",sp_cycle_access_all_lenient_500m,score 0-1,value,sample point (cycling)
Indicator estimates: cycling accessibility,"Score (0/1): all core destination categories at their lenient variant (pooled fresh food, any public open space, any public transport) is reachable within 1000 m by cycling, using a danger-weighted route over the full cycling network (higher-stress links usable at a proportionate distance penalty)",sp_cycle_access_all_lenient_1000m,score 0-1,value,sample point (cycling)
Indicator estimates: cycling accessibility,"Score (0/1): all core destination categories at their lenient variant (pooled fresh food, any public open space, any public transport) is reachable within 2000 m by cycling, using a danger-weighted route over the full cycling network (higher-stress links usable at a proportionate distance penalty)",sp_cycle_access_all_lenient_2000m,score 0-1,value,sample point (cycling)
Indicator estimates: cycling accessibility,"Score (0/1): all core destination categories at their lenient variant (pooled fresh food, any public open space, any public transport) is reachable within 5000 m by cycling, using a danger-weighted route over the full cycling network (higher-stress links usable at a proportionate distance penalty)",sp_cycle_access_all_lenient_5000m,score 0-1,value,sample point (cycling)
Indicator estimates: urban heat vulnerability,"Land surface temperature (°C): the temperature of the Earth’s surface, indicating the lived experience of heat (Landsat 8 surface reflectance, hottest third of the year) (population weighted)",pop_urban_heat_land_surface_temp_c,,,"city, custom: agebs, custom: condesa_fraccionamientos, custom: region_mexicali, custom: region_condesa"
Indicator estimates: urban heat vulnerability,"Heat Exposure Index (HEI): the heat exposure sub-index, derived from land surface temperature (population weighted)",pop_urban_heat_exposure_index,,,"city, custom: agebs, custom: condesa_fraccionamientos, custom: region_mexicali, custom: region_condesa"
Indicator estimates: urban heat vulnerability,"Land surface albedo: solar reflectance, where higher reflectance implies less surface heat retention (inverted, so that higher values indicate greater heat vulnerability) (population weighted)",pop_urban_heat_land_surface_albedo,,,"city, custom: agebs, custom: condesa_fraccionamientos, custom: region_mexicali, custom: region_condesa"
Indicator estimates: urban heat vulnerability,"Normalised Difference Vegetation Index (NDVI): a spectral index of vegetation health and greenness (inverted, so that higher values indicate greater heat vulnerability) (population weighted)",pop_urban_heat_ndvi,,,"city, custom: agebs, custom: condesa_fraccionamientos, custom: region_mexicali, custom: region_condesa"
Indicator estimates: urban heat vulnerability,Normalised Difference Built-up Index (NDBI): a spectral index of impervious surfaces such as concrete and asphalt (population weighted),pop_urban_heat_ndbi,,,"city, custom: agebs, custom: condesa_fraccionamientos, custom: region_mexicali, custom: region_condesa"
Indicator estimates: urban heat vulnerability,"Local Climate Zone: a standardised classification of land cover typologies for urban heat island studies, ordered from least heat retaining (water) to most heat retaining (bare rock or paved) (population weighted)",pop_urban_heat_local_climate_zone_ordered,,,"city, custom: agebs, custom: condesa_fraccionamientos, custom: region_mexicali, custom: region_condesa"
Indicator estimates: urban heat vulnerability,"Population density (persons per km²), from the GHS-POP global human settlement population grid (population weighted)",pop_urban_heat_population_density_per_sqkm,count per km²,rate,"city, custom: agebs, custom: condesa_fraccionamientos, custom: region_mexicali, custom: region_condesa"
Indicator estimates: urban heat vulnerability,"Vulnerable population (%): those most at risk from heat on the basis of age, being the combined proportion of the population aged 0–4 and 65+ years (population weighted)",pop_urban_heat_vulnerable_pop_pct,,,"city, custom: agebs, custom: condesa_fraccionamientos, custom: region_mexicali, custom: region_condesa"
Indicator estimates: urban heat vulnerability,"Heat Sensitivity Index (HSI): the equally weighted heat sensitivity sub-index of land surface albedo, NDVI, NDBI, local climate zone, population density and vulnerable population (population weighted)",pop_urban_heat_sensitivity_index,,,"city, custom: agebs, custom: condesa_fraccionamientos, custom: region_mexicali, custom: region_condesa"
Indicator estimates: urban heat vulnerability,"Child dependency ratio: children (aged 0–14 years) relative to the working age population (15–64 years), indicating economic reliance (population weighted)",pop_urban_heat_child_dependency_ratio,,,"city, custom: agebs, custom: condesa_fraccionamientos, custom: region_mexicali, custom: region_condesa"
Indicator estimates: urban heat vulnerability,"Subnational Human Development Index: human well-being assessed through education, health and standard of living (population weighted)",pop_urban_heat_subnational_hdi,,,"city, custom: agebs, custom: condesa_fraccionamientos, custom: region_mexicali, custom: region_condesa"
Indicator estimates: urban heat vulnerability,"Infant mortality rate: deaths of children under 1 year of age per 1000 live births, a key indicator of population health (population weighted)",pop_urban_heat_infant_mortality_rate,,,"city, custom: agebs, custom: condesa_fraccionamientos, custom: region_mexicali, custom: region_condesa"
Indicator estimates: urban heat vulnerability,"Adaptive Capability Index (ACI): the equally weighted adaptive capability sub-index of child dependency ratio, subnational Human Development Index and infant mortality rate; higher values indicate lower adaptive capability (population weighted)",pop_urban_heat_adaptive_capability_index,,,"city, custom: agebs, custom: condesa_fraccionamientos, custom: region_mexicali, custom: region_condesa"
Indicator estimates: urban heat vulnerability,"Global Urban Heat Vulnerability Index (GUHVI): the equally weighted composite of the Heat Exposure, Heat Sensitivity and Adaptive Capability indices, (HEI + HSI + ACI) / 3 (population weighted)",pop_urban_heat_guhvi,,,"city, custom: agebs, custom: condesa_fraccionamientos, custom: region_mexicali, custom: region_condesa"
Indicator estimates: urban heat vulnerability,"Global Urban Heat Vulnerability Index (GUHVI) class, from 1 (least vulnerable) to 5 (most vulnerable) (population weighted)",pop_urban_heat_guhvi_class,,,"city, custom: agebs, custom: condesa_fraccionamientos, custom: region_mexicali, custom: region_condesa"
Indicator estimates: urban heat vulnerability,"Percentage of population in Global Urban Heat Vulnerability Index (GUHVI) class 5, the most vulnerable class (population weighted)",pop_pct_urban_heat_guhvi_class_5_most_vulnerable,percent,percentage,"city, custom: agebs, custom: condesa_fraccionamientos, custom: region_mexicali, custom: region_condesa"
Indicator estimates: urban heat vulnerability,"Land surface temperature (°C): the temperature of the Earth’s surface, indicating the lived experience of heat (Landsat 8 surface reflectance, hottest third of the year)",urban_heat_land_surface_temp_c,degrees Celsius,mean,"city, grid, custom: agebs, custom: manzanas, custom: condesa_lotes, custom: condesa_fraccionamientos, custom: region_mexicali, custom: region_condesa"
Indicator estimates: urban heat vulnerability,"Heat Exposure Index (HEI): the heat exposure sub-index, derived from land surface temperature",urban_heat_exposure_index,index 0-100,mean,"city, grid, custom: agebs, custom: manzanas, custom: condesa_lotes, custom: condesa_fraccionamientos, custom: region_mexicali, custom: region_condesa"
Indicator estimates: urban heat vulnerability,"Land surface albedo: solar reflectance, where higher reflectance implies less surface heat retention (inverted, so that higher values indicate greater heat vulnerability)",urban_heat_land_surface_albedo,proportion 0-1,mean,"city, grid, custom: agebs, custom: manzanas, custom: condesa_lotes, custom: condesa_fraccionamientos, custom: region_mexicali, custom: region_condesa"
Indicator estimates: urban heat vulnerability,"Normalised Difference Vegetation Index (NDVI): a spectral index of vegetation health and greenness (inverted, so that higher values indicate greater heat vulnerability)",urban_heat_ndvi,index -1 to 1,mean,"city, grid, custom: agebs, custom: manzanas, custom: condesa_lotes, custom: condesa_fraccionamientos, custom: region_mexicali, custom: region_condesa"
Indicator estimates: urban heat vulnerability,Normalised Difference Built-up Index (NDBI): a spectral index of impervious surfaces such as concrete and asphalt,urban_heat_ndbi,index -1 to 1,mean,"city, grid, custom: agebs, custom: manzanas, custom: condesa_lotes, custom: condesa_fraccionamientos, custom: region_mexicali, custom: region_condesa"
Indicator estimates: urban heat vulnerability,"Local Climate Zone: a standardised classification of land cover typologies for urban heat island studies, ordered from least heat retaining (water) to most heat retaining (bare rock or paved)",urban_heat_local_climate_zone_ordered,ordered class,category,"city, grid, custom: agebs, custom: manzanas, custom: condesa_lotes, custom: condesa_fraccionamientos, custom: region_mexicali, custom: region_condesa"
Indicator estimates: urban heat vulnerability,"Population density (persons per km²), from the GHS-POP global human settlement population grid",urban_heat_population_density_per_sqkm,persons per km²,mean,"city, grid, custom: agebs, custom: manzanas, custom: condesa_lotes, custom: condesa_fraccionamientos, custom: region_mexicali, custom: region_condesa"
Indicator estimates: urban heat vulnerability,"Vulnerable population (%): those most at risk from heat on the basis of age, being the combined proportion of the population aged 0–4 and 65+ years",urban_heat_vulnerable_pop_pct,percent,percentage,"city, grid, custom: agebs, custom: manzanas, custom: condesa_lotes, custom: condesa_fraccionamientos, custom: region_mexicali, custom: region_condesa"
Indicator estimates: urban heat vulnerability,"Heat Sensitivity Index (HSI): the equally weighted heat sensitivity sub-index of land surface albedo, NDVI, NDBI, local climate zone, population density and vulnerable population",urban_heat_sensitivity_index,index 0-100,mean,"city, grid, custom: agebs, custom: manzanas, custom: condesa_lotes, custom: condesa_fraccionamientos, custom: region_mexicali, custom: region_condesa"
Indicator estimates: urban heat vulnerability,"Child dependency ratio: children (aged 0–14 years) relative to the working age population (15–64 years), indicating economic reliance",urban_heat_child_dependency_ratio,ratio,mean,"city, grid, custom: agebs, custom: manzanas, custom: condesa_lotes, custom: condesa_fraccionamientos, custom: region_mexicali, custom: region_condesa"
Indicator estimates: urban heat vulnerability,"Subnational Human Development Index: human well-being assessed through education, health and standard of living",urban_heat_subnational_hdi,index 0-100,mean,"city, grid, custom: agebs, custom: manzanas, custom: condesa_lotes, custom: condesa_fraccionamientos, custom: region_mexicali, custom: region_condesa"
Indicator estimates: urban heat vulnerability,"Infant mortality rate: deaths of children under 1 year of age per 1000 live births, a key indicator of population health",urban_heat_infant_mortality_rate,"deaths per 1,000 live births",mean,"city, grid, custom: agebs, custom: manzanas, custom: condesa_lotes, custom: condesa_fraccionamientos, custom: region_mexicali, custom: region_condesa"
Indicator estimates: urban heat vulnerability,"Adaptive Capability Index (ACI): the equally weighted adaptive capability sub-index of child dependency ratio, subnational Human Development Index and infant mortality rate; higher values indicate lower adaptive capability",urban_heat_adaptive_capability_index,index 0-100,mean,"city, grid, custom: agebs, custom: manzanas, custom: condesa_lotes, custom: condesa_fraccionamientos, custom: region_mexicali, custom: region_condesa"
Indicator estimates: urban heat vulnerability,"Global Urban Heat Vulnerability Index (GUHVI): the equally weighted composite of the Heat Exposure, Heat Sensitivity and Adaptive Capability indices, (HEI + HSI + ACI) / 3",urban_heat_guhvi,index 0-100,mean,"city, grid, custom: agebs, custom: manzanas, custom: condesa_lotes, custom: condesa_fraccionamientos, custom: region_mexicali, custom: region_condesa"
Indicator estimates: urban heat vulnerability,"Global Urban Heat Vulnerability Index (GUHVI) class, from 1 (least vulnerable) to 5 (most vulnerable)",urban_heat_guhvi_class,class 1-5,category,"city, grid, custom: agebs, custom: manzanas, custom: condesa_lotes, custom: condesa_fraccionamientos, custom: region_mexicali, custom: region_condesa"
Indicator estimates: urban heat vulnerability,"Percentage of population in Global Urban Heat Vulnerability Index (GUHVI) class 5, the most vulnerable class",pct_urban_heat_guhvi_class_5_most_vulnerable,percent,percentage,"city, grid, custom: agebs, custom: manzanas, custom: condesa_lotes, custom: condesa_fraccionamientos, custom: region_mexicali, custom: region_condesa"
Indicator estimates: urban heat vulnerability,"Land surface temperature (°C): the temperature of the Earth’s surface, indicating the lived experience of heat (Landsat 8 surface reflectance, hottest third of the year)",sp_urban_heat_land_surface_temp_c,,,sample point
Indicator estimates: urban heat vulnerability,"Heat Exposure Index (HEI): the heat exposure sub-index, derived from land surface temperature",sp_urban_heat_exposure_index,,,sample point
Indicator estimates: urban heat vulnerability,"Land surface albedo: solar reflectance, where higher reflectance implies less surface heat retention (inverted, so that higher values indicate greater heat vulnerability)",sp_urban_heat_land_surface_albedo,,,sample point
Indicator estimates: urban heat vulnerability,"Normalised Difference Vegetation Index (NDVI): a spectral index of vegetation health and greenness (inverted, so that higher values indicate greater heat vulnerability)",sp_urban_heat_ndvi,,,sample point
Indicator estimates: urban heat vulnerability,Normalised Difference Built-up Index (NDBI): a spectral index of impervious surfaces such as concrete and asphalt,sp_urban_heat_ndbi,,,sample point
Indicator estimates: urban heat vulnerability,"Local Climate Zone: a standardised classification of land cover typologies for urban heat island studies, ordered from least heat retaining (water) to most heat retaining (bare rock or paved)",sp_urban_heat_local_climate_zone_ordered,,,sample point
Indicator estimates: urban heat vulnerability,"Population density (persons per km²), from the GHS-POP global human settlement population grid",sp_urban_heat_population_density_per_sqkm,count per km²,rate,sample point
Indicator estimates: urban heat vulnerability,"Vulnerable population (%): those most at risk from heat on the basis of age, being the combined proportion of the population aged 0–4 and 65+ years",sp_urban_heat_vulnerable_pop_pct,,,sample point
Indicator estimates: urban heat vulnerability,"Heat Sensitivity Index (HSI): the equally weighted heat sensitivity sub-index of land surface albedo, NDVI, NDBI, local climate zone, population density and vulnerable population",sp_urban_heat_sensitivity_index,,,sample point
Indicator estimates: urban heat vulnerability,"Child dependency ratio: children (aged 0–14 years) relative to the working age population (15–64 years), indicating economic reliance",sp_urban_heat_child_dependency_ratio,,,sample point
Indicator estimates: urban heat vulnerability,"Subnational Human Development Index: human well-being assessed through education, health and standard of living",sp_urban_heat_subnational_hdi,,,sample point
Indicator estimates: urban heat vulnerability,"Infant mortality rate: deaths of children under 1 year of age per 1000 live births, a key indicator of population health",sp_urban_heat_infant_mortality_rate,,,sample point
Indicator estimates: urban heat vulnerability,"Adaptive Capability Index (ACI): the equally weighted adaptive capability sub-index of child dependency ratio, subnational Human Development Index and infant mortality rate; higher values indicate lower adaptive capability",sp_urban_heat_adaptive_capability_index,,,sample point
Indicator estimates: urban heat vulnerability,"Global Urban Heat Vulnerability Index (GUHVI): the equally weighted composite of the Heat Exposure, Heat Sensitivity and Adaptive Capability indices, (HEI + HSI + ACI) / 3",sp_urban_heat_guhvi,,,sample point
Indicator estimates: urban heat vulnerability,"Global Urban Heat Vulnerability Index (GUHVI) class, from 1 (least vulnerable) to 5 (most vulnerable)",sp_urban_heat_guhvi_class,,,sample point
Indicator estimates: urban heat vulnerability,"Score (0/1) for classification in Global Urban Heat Vulnerability Index (GUHVI) class 5, the most vulnerable class",sp_urban_heat_guhvi_class_5_most_vulnerable,percent,percentage,sample point
Longitudinal series outputs,Custom area identifier (area panels),area_id,,,"custom: region_mexicali, custom: region_condesa"
Other fields,Pop avg count walk community culture recreation  community 1000,pop_avg_count_walk_community_culture_recreation__community_1000,count,mean,city
Other fields,Pop avg count walk community culture recreation  recreation 500,pop_avg_count_walk_community_culture_recreation__recreation_500,count,mean,city
Other fields,Pop avg count walk community culture recreation  recreation 100,pop_avg_count_walk_community_culture_recreation__recreation_100,count,mean,city
Other fields,Cvegeo,cvegeo,,,"custom: agebs, custom: manzanas"
Other fields,Ageb,ageb,,,custom: agebs
Other fields,Pobtot,pobtot,,,"custom: agebs, custom: manzanas"
Other fields,Cve ageb,cve_ageb,,,custom: manzanas
Other fields,Cve mza,cve_mza,,,custom: manzanas
Other fields,Ambito,ambito,,,custom: manzanas
Other fields,Pob0 14,pob0_14,,,custom: manzanas
Other fields,Pob15 64,pob15_64,,,custom: manzanas
Other fields,Pob65 mas,pob65_mas,,,custom: manzanas
Other fields,Vivtot,vivtot,,,custom: manzanas
Other fields,Tvivhab,tvivhab,,,custom: manzanas
Other fields,Id,id,,,custom: condesa_lotes
Other fields,Fid,fid,,,custom: condesa_fraccionamientos
Other fields,Area count,area_count,count,count,"custom: condesa_fraccionamientos, custom: region_condesa"
Other fields,Area name,area_name,,,"custom: region_mexicali, custom: region_condesa"
